num_gates,clock_frequency,input_width,pipeline_stages,Power,Performance,Area
1702743,2.291759121159245,85,8,9.30806473262282,2.0746412505559793,7.366135697154874
4314572,2.918280213220653,112,2,36.55673294375575,0.6226488825777765,13.079910467920245
4936484,4.639350273857422,48,17,106.27690064390352,11.455208782003346,2.698016014435055
2244489,2.0585569746468257,96,9,9.540309763458746,1.9539147865753173,9.468181916377329
1580006,2.0612894085330247,126,12,7.2789002167016,2.4344689193283138,16.01664203569069
1146074,3.818755616493868,69,3,17.346639458188744,1.3248370942746701,4.901718272232375
4054887,2.534980734004132,121,11,26.04485756820537,2.3583623584197344,14.943750610845386
1249911,1.510721703229919,17,1,2.8847218651228004,0.4847357313191709,0.3678319611447944
4482471,2.53597782259712,28,13,28.017275373551534,6.369084304090932,1.2276452408015357
2148242,1.1338565917090992,43,15,3.179187020888234,2.338801038333198,2.14388419467188
4533669,1.293741439278005,19,5,7.65008294327663,1.649560947970167,0.8049537213938815
4991505,2.7426549773276587,98,17,37.236541671107595,4.854298754307358,9.932908907062314
1776891,2.3851645227704656,111,6,10.726666118535386,1.4178719897791803,12.553058355428595
4531373,4.61680655480645,9,11,98.50855749992336,16.293550997266493,0.4763233072242387
3354769,2.130772546024849,125,18,15.331324241835127,3.4576705357499686,16.04413409950397
801743,3.112647576251196,20,4,7.572526022998419,2.7320316208571818,0.3956864405675241
113355,3.3451892956378866,60,3,1.347988215230229,1.2598646396369135,3.510945401137467
1272752,0.5589250546475013,39,13,0.48258777876433856,1.5470041660616638,1.6237412643152171
1406025,3.4859181740751977,102,9,18.277893006068723,3.3576180808488987,10.531058254232935
1317371,1.3011618509138814,23,6,2.602461075987621,1.877001863248371,0.6761792223712529
927040,4.824816428612548,39,12,21.650697998015016,9.2275026476408,1.5078484997103603
2263882,1.1689822748890082,39,2,3.2471075100384996,0.29126436086169655,1.8400842893207132
3540409,2.365808556771607,105,3,19.86205425005556,0.6787325121095167,11.346456888202463
4859115,0.8840735063538974,18,3,3.3932006040947305,0.41677625522373757,0.7845532193325324
4731339,4.985934133306763,17,12,116.0028173108823,14.134841318045657,0.7805638771657079
4852447,2.759877546490592,22,15,36.509825139288644,8.59022995570693,0.962116968937923
1510942,3.179232577940197,24,9,15.240053440658725,6.047994645967427,0.6909648115545677
4270029,0.8018441482479237,47,8,3.3034697383157887,0.730313985239923,2.5971645856581915
3285709,3.8748221167963,25,11,49.24014349845805,8.572734798737713,0.9169129380106736
94654,1.444575168930136,62,16,0.31158210419260035,3.079313208969645,3.8589200475401997
1964354,4.541244302483212,80,4,41.15077580809429,2.180735103135424,6.561094893707731
2426182,1.423128382169032,32,1,5.597651621761024,0.3516597733233769,1.37544293179197
3484675,1.3580947429864996,111,7,6.978842864546019,0.9755251326705308,12.686999994219441
2662991,0.664473505316427,66,2,1.5067108534194855,-0.03624371110415161,4.556022775832643
2438388,2.6243012529949965,85,5,17.05437360809914,1.6354257799896834,7.389558928795903
538178,3.041785099681774,96,7,5.760390869318364,2.1708912486933682,9.318181203596126
2673046,0.7956888774275857,121,4,1.9153841325424275,0.272751173872951,14.997519685138604
2596644,3.989874275127548,29,5,43.022359172038094,4.006023680492309,1.1410915433636768
2580406,2.5397997563661243,123,1,17.780507022734792,0.43674620789299523,15.390780551929165
3426664,2.8597562119741102,37,1,28.755302382257486,0.5782852746923012,1.8496474577764175
3395659,2.4834323612220266,91,15,20.876861992579673,3.718478370206627,8.509134638519438
3395357,2.303433773938967,92,19,17.94403438162918,4.645566272887308,8.803082055949876
2805513,3.0183814908869806,51,10,25.12915904169828,4.451512397676027,2.898314041993936
1475689,1.1985811066882062,39,18,2.367453717459123,3.289021397648777,1.6565944373066928
78148,1.31867658722872,58,3,0.18284587589587592,0.7174507737156921,3.480554812826085
1835665,4.378035294560828,53,11,34.92802278393643,6.758446579274635,3.0320500292899193
2755683,4.757519579601348,120,15,63.128509136159366,6.683564470073829,14.585578395014881
3407723,2.1798919232588885,127,11,16.273563248028676,2.0750441849827017,16.49021587133996
3013758,1.718351029145992,28,17,8.538993442250492,5.670102606660077,1.163280326639274
4066518,3.397997944575571,106,17,47.28931895985163,5.7898247824350575,11.590121577521417
2679995,2.339303769941434,39,6,14.607049886662091,2.3692686212164302,1.7911125043062828
4460812,0.6142386004715519,101,5,1.8602273928753197,0.2543595615478724,10.57784378589236
4808669,1.2026866881478566,126,8,6.471958288066831,0.9732076192701618,16.258781389400255
1880928,3.721875029813289,46,2,27.262333208377736,1.2672750244127464,2.2778044103877324
4165299,3.465157738595681,120,16,50.314984593669394,5.580865025472179,14.67526406054992
2567489,0.6219319662656757,19,12,1.0860966035193824,2.2492573761628063,0.7580463780173937
1783415,1.4988747286982724,112,6,4.1098617483507685,0.9555389242379558,12.673844277323186
2315413,1.5398365846463211,54,1,5.381062928885197,0.40978282888932,3.1528937071980447
3920197,3.5235173461942777,25,4,47.64248423608359,3.180456483003681,0.9023801303852277
281836,0.5886974198946386,28,17,0.4622555026476269,2.8402215943454343,0.7653060099410237
3594702,0.9684886189305824,20,13,3.068765571799706,2.6137566864838693,0.8075261260828741
2105505,4.099622384179352,28,18,35.76419216214301,13.838257316983311,1.1308828406610312
2309435,1.3034509792445013,15,5,4.5836561222992165,1.773568877845421,0.3733215632564339
206769,3.437357485333436,53,3,2.191592538248258,1.3341077248006854,2.88669079082503
2668505,1.5718225147102691,111,11,6.386821912300905,1.7281317706867643,12.511255871964464
1281741,0.9474862674170532,117,13,1.2023253892756613,1.2802072379755904,13.817732091070214
3779315,1.594274859497543,14,4,8.88433158664961,2.244414947608027,0.5237880260200662
1056797,3.750201193350466,30,14,16.73266632757295,10.530397088686591,0.9781927452635264
3057262,4.350634106478286,115,11,58.87437373713841,4.483683508443249,13.554294659288608
1594398,4.235989390551462,103,10,27.727341348694686,4.324748798746001,10.739809408733095
2595031,2.2873258832830468,82,19,13.843002995203497,4.612496153428796,7.09574383959631
574685,3.506383114567908,93,18,7.313581519394656,6.334864171685094,8.73915701168955
2889190,1.4224293293711945,29,6,5.847462181100354,1.7223729889454864,1.1563230637509418
1321736,1.81916478617456,114,15,5.026482629956587,2.8077462599890963,13.235486020989825
1017293,4.533511183345039,96,10,20.7648672907356,4.713066910144719,9.255756664662838
4784183,0.5585086557983121,29,5,2.5567017750115477,0.511848915889451,1.2750055823913045
3376612,0.8847883888451064,99,5,2.5852595574342403,0.4046640720158581,10.059412450324107
33247,1.435488148157123,36,10,0.3633209993026801,2.3336668547640405,1.4270927560037945
2714238,0.6193949174321887,20,5,1.2834799005441528,0.8229493672332745,0.7572849682407806
2640708,1.316459457904088,89,3,4.817757960127704,0.4514601052899102,8.254371277470932
3504679,3.1236870243636146,9,6,33.72516173868113,5.68266951894317,0.4516871750515222
1777640,2.3964104776662407,36,4,10.509422577521752,1.594970649407063,1.536387826507004
2623740,4.517022699846387,92,18,53.86042582497163,8.444886383187503,8.842971263187668
1295160,4.178496027822984,86,9,23.16243431522433,4.078571410675233,7.576853053169811
1435472,2.038178082640442,59,17,6.4340135821845195,4.431346534550415,3.573774733906792
58984,1.6674054504408162,34,13,0.3850307706515754,3.8406604107831,1.1307744800959696
2410070,2.208615836752701,57,15,12.42249004176873,4.329447404258001,3.499930683998595
3275879,3.156327241316635,102,17,33.059360890397336,5.253755471727104,10.791528971543924
1514384,1.7062863837029432,86,13,4.666654895954288,2.5851659728667893,7.63308698703667
2240919,3.3086700853211037,122,16,24.80393719237139,5.163844303852901,15.044764678811484
1762126,2.342352434860582,30,4,9.980652135910427,1.7897563342973692,1.146862670206086
4340634,2.984212313833911,95,5,38.592085427279855,1.3140924426630414,9.45577675427164
1747095,2.462569381108925,51,5,11.129989547062141,1.7343100379714047,2.8053427791116534
2121138,1.8250959179386292,84,9,6.698976979360598,1.6786510158339873,7.248548662324404
4790450,4.768039881329705,29,17,109.11451357889449,14.068422649790104,1.24048445981757
2119818,3.936226073718924,50,13,34.160877788203926,7.2321600473642444,2.714369642617655
2241785,1.1305092909490364,44,2,3.240386853309517,0.2000528723669385,2.1787206669436077
4493302,4.408105891540608,68,13,87.51276511985245,7.100609532304802,5.110229116092639
2958089,2.6934403921228114,104,19,21.98600233370614,5.068136880539411,11.194100854824823
2735928,4.525485021023411,63,3,57.27094619611144,1.5419569595031106,4.201302631655011
3863339,4.099348651762918,10,10,66.82735399298709,12.540970521738922,0.32259198036615644
1853400,2.4134607701115502,70,2,11.662140551906026,0.6324613072482973,5.059034866049791
1089111,0.6011118874405283,125,13,0.32704419389154415,0.8439482943499699,15.807042665426163
1006107,1.7090481172322574,26,19,2.5278520912585507,6.079423156332157,0.8024952503812155
3531441,2.937353965973901,30,17,31.009112671414922,9.122473427907593,1.2284532492498674
4555583,3.3506519892176625,36,14,51.66503093890033,7.677718691144602,1.7967386863739245
1880230,1.6604945844494103,37,12,5.037381863096639,3.496322893386209,1.4844812553360678
3757389,1.1271023333277086,46,12,4.766302855018756,2.0373207557754296,2.4512250876929964
4152807,4.257186065596846,115,11,75.39354557738372,4.308655692348007,13.61731946591181
4693874,4.929809813165985,118,7,114.22682905210357,3.11632851758709,14.361389058236634
3612279,2.865605820362086,32,4,29.970558649654023,2.2288878242215824,1.3403386042517795
2131690,1.2725567863173657,108,19,3.2853757024018972,2.16808337763814,11.980991519749823
3001650,1.7253829693371605,118,1,9.082791436792919,0.08467117282899096,14.299965014247954
501234,0.5827580444636002,15,3,0.4416482514696949,0.5771554947154488,0.2188451936000534
1958260,4.614344629522246,113,13,41.55007338554192,5.533535418298822,12.970742015400537
4343486,1.029879873005635,65,15,4.804420935684959,1.9895363455891126,4.6649992257104635
1531101,3.094324139814141,23,2,15.136818707699806,1.4083908674958874,0.6579798710406287
4388368,1.733248493092427,79,11,12.928579572466031,2.2154933865641624,6.655251744085945
4418324,2.9938010113210702,8,4,39.297207551974296,4.103834696590964,0.48701115536401346
3146729,3.431391747583389,115,19,37.14800212759117,5.94976658367764,13.601861425948545
907421,4.233838116682407,12,17,16.766098828476935,18.913613670007845,0.1740789022026307
132409,1.4288957229227144,10,3,0.18191253754129563,1.6963446084610414,0.06844169601559533
2026716,0.5494812289631621,72,18,0.9230734915026617,1.266517474254913,5.42111199489662
2360770,1.1159853353096327,11,8,2.8930577702407008,2.979064128497159,0.39398770811319767
779598,4.550083888316473,111,19,15.965821763620736,8.159044968539654,12.399611002868077
3277824,4.432505349031318,106,5,65.08023759631878,2.1434123784145265,11.411704648088923
3341068,3.1883589597663877,103,7,34.77741799072253,2.272330968862419,10.789297900254116
3266415,3.20232587195144,71,8,33.697130567189966,3.0862357302212127,5.263436519011359
884371,3.49266503545815,113,5,10.746181667167882,1.668454249113345,12.954807939460034
2842868,1.2891707538055233,105,17,4.563122896394326,2.3757055430253,11.27554171168825
3882998,4.614853756662319,114,5,83.56866939481901,2.1090767366262897,13.458865403665191
983548,2.384467362014329,96,4,5.605695555241657,1.1372577135878796,9.310733366742669
3354014,2.2241233771227384,17,19,16.245211937434792,8.594995705089586,0.7073193878740992
1223475,2.835129673772769,28,2,10.369274516126966,1.0978564740297168,0.7823916244400186
3480495,0.7113468504877477,53,11,1.9298333285490035,1.1496973921882196,3.199803070516543
2969034,1.2482751594023571,110,13,4.226476930092617,1.4277050138518754,12.40332999910995
4584293,3.821151273918667,98,15,65.16573782203426,6.100368488044687,9.921626993329673
53585,0.8725940056630691,34,12,0.26333911000329524,2.099254031131764,1.1619393625764367
3067213,3.214184492598747,73,11,31.424189430395703,4.000519169702763,5.642986369539934
2549448,1.6040709935659443,48,7,6.566588731380323,1.5683173313919523,2.458695739999548
119556,2.2518302631888947,119,5,0.8948412942023914,1.0104738327860008,14.160629968276412
1585557,1.7991218154681494,20,17,5.5359831945558,6.641447745803012,0.6195697270228121
4037419,2.100527224092271,16,9,17.640720501226202,4.988599681200025,0.7603096951697352
4404539,3.7357065733291046,123,14,61.95977458033169,5.019834957155122,15.599719700444412
2133091,1.837047720304288,43,12,7.284124737782929,3.49766250187643,2.1031598113529335
2019021,3.048820881336037,93,6,18.3795206512482,1.963429999960245,8.73398995275845
1211482,2.6422268098959485,113,17,8.167348006823492,4.105349485332653,12.860943925337825
552335,3.4865202441319165,97,19,7.392541256060367,6.445544536089809,9.524349323243372
3443977,4.715733826961411,65,19,77.59930204775769,10.809343971578139,4.494562763196685
4280070,3.796574437446126,61,16,61.307688831108635,7.773730291147551,4.228994905990377
3570920,1.4672317036584055,19,12,7.772677222076668,3.940107101231729,0.7879686184038945
2494413,0.6403241077757811,88,12,0.5956480193812153,0.6971482862311053,7.969380218556961
2917360,1.680188199349213,85,6,8.29669972665835,1.095975150575648,7.411258261380657
2792592,3.1778506881511466,21,4,28.704487568272498,3.113454019819981,0.7987253508431728
2245000,0.7314161606791265,41,6,1.928431384773968,0.7706276017191215,1.9391211607543517
4332252,2.733648112405564,60,11,33.40683506015991,4.049285116811046,4.015172664376629
412690,3.185792820126001,27,1,4.518099690356774,0.48909560492405674,0.6572219729149756
4703350,2.004097508676324,82,15,18.845817139754566,3.3263357818782167,7.148476658860322
2558421,3.969104916856199,23,11,40.05976518582929,9.25604297461578,0.8479512267311045
4226263,0.9796921391019732,122,19,4.442410712087477,1.649622716918533,15.315586339337568
3816618,0.8381200178111394,102,18,2.5911164930446233,1.4770701800242116,10.785044423387312
1964109,3.776849402916215,126,17,29.664582676941396,5.519058136760625,16.05395987203469
4432880,2.729710922927893,77,19,33.02855002905815,6.005283261067014,6.222198794695216
3122754,3.597810783924812,63,14,39.97391127427249,6.356648928321613,4.274939327594454
1394250,2.456723023716858,90,18,8.05165468971147,4.547115068303491,8.347231721761005
4035717,1.6088091495759806,108,19,10.379885247960724,2.7925793029157004,12.022756237179093
71087,4.185960429533899,65,15,1.654314609325259,7.629197280796761,4.384169915031837
1506176,4.097371455360406,11,15,25.2785040942518,17.268561922513918,0.18837175063987643
1896013,3.626134118844921,118,4,25.009412589190944,1.8189814922375669,14.35822205858056
4644096,1.724653117534832,11,7,12.855053566593686,3.6679252842564325,0.555546369449669
49353,3.156038000910892,27,13,0.8640022988455465,8.664948752069359,0.7026999037177865
3370011,2.1243825362301205,17,3,15.46489086412546,1.1898975235449685,0.6589901314691169
4269622,0.9121193299698536,31,16,3.590249387156133,2.7859412120823532,1.4685902809251596
4969617,4.627911089580093,125,9,106.13239327787805,3.9027462522485172,16.08859213320414
426880,1.1156838391353263,106,8,0.7119027872974115,1.0907068338305834,11.329123926298859
4975050,4.776068092193611,33,13,111.71501347112235,11.081969760494763,1.4909370286529933
823168,2.507025978310801,44,17,4.616140456900607,6.369986633340192,2.074663007603281
235281,1.3330981797737884,109,17,0.7552606802097559,1.9456846545013284,12.002463081999274
3127697,2.938554263202612,92,17,27.41856367044149,5.208692178525194,8.729738776843405
3792875,4.428256261443837,61,1,73.27172316724844,0.6200996226435649,4.154097991245078
3005765,3.795011988843026,111,8,43.82552984291026,2.870741008246808,12.58504780749608
279536,4.129525165376524,110,19,4.9600540771400725,7.242016629908192,12.100173736730234
4382093,3.464525150198228,28,6,52.69246026313286,4.2071226162923985,1.218404065024688
1571729,3.615244540330336,81,3,20.21121731723192,1.296895709403995,6.668857070019149
2232809,4.321380432043936,45,5,44.572417935607355,3.174186679512025,2.246110960466008
691669,1.6235060398663368,53,13,1.875124244447333,3.0981908593297494,2.9657665716182042
3874822,2.702412336394132,11,15,28.74828753589064,11.073752885247421,0.5012718002331118
1129043,1.49544248818821,67,14,2.617831682328281,2.69486070042581,4.61227446378345
3339462,4.944506035984912,64,16,80.09431396804764,9.99760641659776,4.459067455046146
2216903,4.74826702858976,52,18,50.100275799072705,11.73141750740372,2.843211068183844
1751093,0.6774206511582765,27,11,1.559678633137141,1.3193597191815263,0.8394132531317934
2568231,3.675088276320598,24,3,34.07632083758394,2.1490974412501007,0.8469120539518471
4310385,4.663617428370496,126,10,95.48679322057194,4.177209664672389,16.311883390399046
3090389,1.3125890530730009,78,10,5.150927727545226,1.6968285577473414,6.377032288177494
1671909,3.0557535374868325,11,16,15.60578160071249,14.000010728551008,0.3479178307369827
2666138,4.619697339146188,100,12,57.83982505521384,5.497192924685447,10.180033283230458
120078,0.6527569036360947,21,2,0.09587913418131504,0.17320868786656657,0.279268804974118
1925631,3.63839120261078,10,9,26.094358619803884,10.443372023806862,0.25097214230005593
1414104,1.8380705331764784,95,3,5.701960196620588,0.491732331086822,9.210418937852998
2018187,4.6597828791943865,108,15,42.176440838432946,6.637588164296358,11.971107720930668
1669066,4.869762103244155,87,3,38.81473764511541,1.4916359808754205,7.670780653424474
4183125,4.749199201010453,65,19,94.46370075452447,10.981493118235642,4.593625811992325
2158815,2.633963974958587,62,18,14.684285396017042,5.853078431147383,4.09253489766812
4034066,4.379191929451911,123,8,76.80156615058448,3.074306404666061,15.598840920047532
4516259,4.300472293407816,11,17,84.96254906328869,19.39854959634473,0.5367396704395406
4145314,1.9359521295946505,127,8,16.01633682894397,1.259450413645454,16.569686197687503
920681,4.230119633678048,31,7,16.51051489029158,5.144306857653939,1.0459945509328399
1617618,0.6665343562197168,41,7,0.963150951819719,0.6763099333482934,1.8238370402544333
3906830,3.1832144531692386,37,3,39.42396740122789,1.4596398794067986,1.8722301784996085
4346787,1.5350397677946637,89,1,10.966188187153314,0.26129949502437483,8.362149019305278
2765423,1.0425509859977546,26,4,2.8829914184899423,1.0991883087812488,0.9106172279266693
2043350,0.8462894073314412,38,5,1.3608300065519452,0.6932098097681275,1.6639286140880285
2321987,3.633299491451629,67,1,30.107938952299623,0.32077947124259415,4.6730180302757205
4606200,2.0294373369562977,67,15,18.377495949745803,3.786773769321868,4.792289704169892
4681399,3.7614504718794266,26,5,66.39962707509999,3.9232264845691946,1.0941004917911274
81295,0.7941035335952407,56,13,0.3000497368893398,1.2422645976006375,3.100788072723331
753974,1.9188065202377464,70,8,3.6334212274972297,1.6271074239588206,5.055092074649408
3455376,2.927710815689017,117,8,29.832390656499896,2.3010846626220003,13.948535581386414
3622600,4.058254241775336,90,5,57.7733648357838,1.9526774807798604,8.517582174044648
835816,1.9343862631943147,29,9,3.585070607005877,3.4472857619939505,0.8225005591266192
384705,3.316511193966541,31,1,4.534582381976262,0.412194628194423,1.0266134195766838
3727270,4.486899867062842,116,4,71.83974326601955,2.101968916000452,14.071431295137893
1866926,3.2713843468203705,83,3,20.85864110772501,0.965227461010974,7.191212491149852
1668845,1.548317636391352,37,2,3.8936013577545285,0.48752467698751295,1.530956992181903
2036793,0.6098035170044211,65,8,0.8992075370868655,0.7254099554423257,4.496782417926514
564594,4.415444932554184,109,9,11.426632262215186,3.873099308716113,11.856769855468942
157718,0.5957123488267422,124,2,0.08313707432774789,0.3045595905674391,15.262628421552309
4849567,4.4361575270788975,38,14,92.6381119700807,9.796174710803571,1.9094634809884385
3514473,2.8802171031224537,107,14,29.623182683344613,4.155774082316505,11.889619716336956
2214664,4.725804643308033,71,4,49.359832990278626,2.3209943568377707,5.166448178819403
4351747,4.094524560981494,26,6,72.78486702288926,4.659210050393364,1.0706211198985576
1529163,4.990703497400019,55,11,36.28694264658531,7.411179424524728,3.3282245149009446
4577920,2.078203169532696,52,3,19.258788121302967,0.9049250259081667,2.9973459340110225
696976,3.952347300190071,107,8,12.77140081311957,3.1400175145056033,11.54159884777102
2482189,2.308689111241589,101,3,13.951215648649136,0.5598975289480222,10.451636877153557
3151259,2.6594402913675896,62,14,21.93599547479026,4.709367576628199,4.186025060968849
127796,3.323774584482665,120,13,1.9033500155062182,4.154024652636886,14.375954815997854
1251082,4.431547013838524,62,13,25.077199717186907,7.2621620530040385,4.017407864827781
4902680,4.928375611396828,104,2,116.76513814604617,1.0033251381870532,11.322581775190548
4902306,3.957230362390332,25,13,74.69427685697389,10.818702631758121,1.0499593660315811
4124639,2.379950519753002,70,19,23.608570133720754,5.154369286193869,5.230019967922077
2698130,2.396106510246816,123,6,15.509199413207869,1.3570851352667737,15.400325790695613
3684515,3.819120357150012,120,16,53.78993855068958,6.085870269430444,14.665603150410499
1589159,1.5744971559573604,99,2,4.00500018651297,0.3974569177795649,9.93443415762419
917317,0.997133509091276,54,8,0.8283565913834208,0.9642697971984252,3.086383678196325
2495367,2.0957997093834946,82,17,11.499191113292122,3.773343444904102,7.080452249655155
4525488,1.792575462443368,64,2,14.878780706986351,0.5011714484430629,4.556096372923145
678234,1.8333865420519555,125,10,2.545608110179748,1.921275665152791,15.73572670315409
388480,1.5512348797245947,52,16,1.0220801342095884,3.46926962273231,2.7570082557274525
801971,0.6894193533636285,40,6,0.25746912049554604,0.7777987272367249,1.760189816542186
511157,0.5804327063003621,24,2,0.5266439616185788,0.10121948205736993,0.5255747724144227
4388727,4.944750753812142,77,2,106.39406898270038,1.056071909454858,6.391061124913794
4134499,2.4249791018113807,11,13,24.864889352106182,8.99858063011553,0.5368711413801034
2623501,2.2294699122185677,27,15,13.425748656517376,6.036202338197162,0.9383197910716299
2931944,3.5584127721188143,119,2,37.13224246817853,0.9059358172535038,14.35612433046135
4337576,1.4821424953927886,54,7,10.636835685378285,1.3754513038633305,3.300813833752807
4972140,4.774825327776014,98,3,112.21447967514202,1.5704318174020577,9.856618197937257
3093153,4.038552564869985,22,8,51.2152533745552,6.527991173955293,0.7777917925524406
2809487,0.9023495104051678,77,14,2.3761083901631532,1.4185998154976354,6.243401106914775
2914941,2.379113491032178,54,7,16.346376770469103,2.230237494330097,3.3175058699410465
2110021,4.456032384029741,85,7,42.049211460204766,3.082774007423672,7.371253344401025
4985778,4.7512941003113465,82,1,108.7029030218043,0.4551879869883435,7.153116911050015
1370828,2.6033068006244138,110,17,9.290154969569258,4.206848892071505,12.300510552695874
628467,3.2603512514481845,16,9,6.916466526452906,7.612432181604057,0.36643313726843124
2145619,1.2516527574143386,97,13,3.5329899853614575,1.7109425071127495,9.645189690134771
3965488,4.960258817616395,23,19,95.50198528426377,13.880417184179139,0.8795993267852142
4684351,1.5425226562254952,76,19,11.218831693107159,3.3315733538938064,6.183817926793924
1717923,4.742292983608065,123,17,39.20420136848642,7.763255446239639,15.244387085120632
138391,3.423409920465658,68,10,1.5333164931285044,4.23886888103877,4.762415644414469
1027026,3.234815576954866,17,10,11.872475916669833,8.043719949937016,0.3130406125682334
4311754,2.807098299574289,57,4,35.13485612566174,1.5616769394928902,3.6144353350916556
2279042,1.538014152729914,10,8,4.958047589196702,3.644897937304607,0.3445810062365579
1993509,1.2943761440247872,84,18,3.5941427122060134,2.601153332221785,7.184744575064048
126381,1.4921879408157892,114,14,0.8370793932660173,2.01148368640347,13.180894341472603
1531701,1.3389721796491454,120,18,3.0724666260320515,2.006775447533584,14.434940624358893
1630197,4.00813013105039,101,14,25.837382037898386,5.660656512419,10.353767812207714
2241660,2.075563666250285,125,15,10.011807404153418,3.0019224901932846,15.959049326952806
1788226,0.7602920445352837,116,4,1.380965422113386,0.205141207107681,13.853797451094227
1209386,4.860961835633651,77,13,27.932664064502827,6.86601612754766,6.077901820659955
3448618,4.477036482335416,88,8,68.59493923734728,3.5820161822148253,8.041710805991416
2024484,4.674885274378458,116,18,42.66198222184578,7.91913711970456,13.788511294554775
2947629,4.977085201908959,58,12,69.02062108667205,7.1407324561155425,3.653886126769673
2467184,1.2825286214876928,124,14,3.877238025606184,1.6058405287762765,15.590111648473325
3153963,2.2830890850619645,26,2,16.64493938406252,1.1122101414938208,0.894461580905232
4113022,3.912073140668411,49,18,63.9172569403146,10.19312908027762,2.833461309288757
1428175,3.632092781242065,42,2,19.616647087669637,1.513596623066614,1.8491266691052477
3816688,1.1925315785293478,53,11,4.886797516247402,2.0495924487113832,3.1453991716501197
4934207,4.17124906245778,33,9,82.30649446097351,6.669641375877642,1.485741241246888
3782962,1.509982573264973,122,12,8.346976833256877,1.7701091808551304,15.20820641149713
4201423,1.5071792667018038,76,17,10.325074720578465,3.0611069711595906,6.175578498139512
4051776,2.916384903020361,100,15,34.68817430114172,4.467709891235495,10.357913701580124
2737423,3.168229706787664,71,17,28.344921082235278,6.538813958905362,5.242940695464975
1770427,3.1103879352701505,44,18,16.819792931775524,8.702189809132618,2.19725295379319
4328427,0.9116907682898968,91,6,3.4921966827084474,0.5800675870819765,8.558528087259116
3461356,4.448573881836712,56,17,68.23646434178842,10.217697680846669,3.4340680239397674
1141565,1.6952001916491772,28,18,3.6519428129664426,5.77158879820263,0.8334433896843013
3454084,1.0828171457726188,81,8,3.972516450505346,1.0243394940028354,6.7604068473816605
2937109,4.499366359410397,71,9,60.37643348623969,4.958150658628316,5.242736421086885
4382578,4.80043174203389,12,6,102.56216253837934,5.455059613446545,0.4743555603890086
2519079,4.379574277694528,107,5,45.782171479211854,2.1320888853979927,11.815395862702683
2897004,4.142822336261951,77,12,50.7190603477995,5.551082636478454,6.18794905855648
1941760,3.4485889128755978,97,11,23.71996415245924,3.8692152144102705,9.505598690711528
141373,2.978858167741127,11,1,0.8636169381641775,1.3827919201488987,0.12581468430870252
125294,0.8914404196013457,110,11,0.09608296705365874,0.9017182068724261,12.184490277751904
3142514,2.338039458818144,46,19,17.330845867469847,6.197511289028298,2.4529181356229457
4852611,2.177098326555413,121,9,23.04667516307151,2.004481457966394,15.051704524317575
4345868,1.668892026921468,42,2,12.732841721556145,0.5739063881475441,2.2745071564842148
1436388,3.755390511598632,8,12,22.20045957437222,15.151823751488042,0.2147356804999515
3861424,2.7314408078544687,31,4,29.35079434047423,2.191972958463266,1.2720366130769347
2225167,0.8647079715844157,64,4,1.7765682466972645,0.4415393594797608,4.383610329329047
3896402,1.490824408774151,107,18,8.525672616800245,2.649062091378531,11.931202182246043
699944,3.574664436468182,77,15,9.777600037939543,6.188443074274163,6.033866847814752
698105,0.8425888677063509,48,19,0.7896787510727793,2.191224128801193,2.3111044397510754
2620910,4.33043111321946,61,13,49.34639865996164,7.082037101315861,4.016201134162271
1999173,2.728159371562884,53,19,15.336966391228522,6.676275767568711,3.048993194692015
3090761,2.662639597969916,67,17,21.97244834415108,5.421985064963446,4.726065387126409
1424466,3.165835030967829,115,6,14.123144982016207,1.889486840286341,13.379863936183051
455101,4.211064346663171,67,16,8.393437853819991,8.285041788119718,4.541849640684352
1115534,2.0651414355598687,64,12,4.782179641926276,3.1418075227557023,4.294006956883249
3237802,3.551072686515786,38,19,40.9649458156306,9.163916583949664,1.9092298665783816
1593593,3.04579383798106,91,5,14.590555544259075,1.5893380666666608,8.449148126909988
1813649,1.701627215762396,31,17,5.353249146753676,5.368554404752639,1.2520344578884899
1234665,4.453834938598211,96,1,24.6175988414459,0.43112094708066656,9.26614534401687
2304544,4.088417097231177,43,10,39.08940431068268,5.792002129888101,2.0740553326481974
4363127,3.4630332559629147,92,15,52.75997818950405,5.6286632783870925,8.815288933664796
508863,4.327617780924088,37,11,9.722166318259173,7.671415917439563,1.3979652426104885
377654,4.402823904319111,31,13,8.512245012408306,10.827057392289802,0.9560905576501928
2686188,3.6876333952176568,115,5,37.88479179627322,1.8811616718636648,13.53075564416055
3305990,4.266559977636524,113,1,61.943580828342945,0.27855035967744973,13.094382195812337
1502785,3.638621577511776,37,12,20.200308183146745,7.2761562827974835,1.4111257276306184
807079,3.560633472921352,93,11,10.628073312404984,4.217813665855353,8.707617889175944
4868380,3.2837512019683293,99,17,52.41334710490183,5.716439959737666,10.268572072334555
4052787,3.8872248780093854,14,4,62.58572496568367,4.174527259833298,0.5500370234197446
3938083,1.2137229738188315,42,15,5.922769366723998,2.6333747047092544,2.1595880112305346
2709015,4.4639184163951775,62,9,54.308751291945434,5.241022316861383,4.118890171957421
3424527,4.423295874853544,99,19,67.61486550428894,8.507123132194215,10.088504431593421
1296125,0.6316127736555162,21,19,0.2857346651168499,2.802339634014408,0.6246759631208544
3750047,4.216175377541433,127,12,67.61112939854048,4.24086557565234,16.467717662483327
458982,1.0799144036305033,17,5,0.9685645691499795,1.2382172659331936,0.23889980066289596
1182622,2.008034844166138,87,10,5.360345034923366,2.4628504387678576,7.617814588435056
2513771,3.845787153312235,23,17,37.24194741241755,13.150327746087772,0.8798001996857223
3187825,1.2234195322173869,61,5,4.693738933281875,0.6244424022117087,4.087263884229547
1006161,4.18085160853578,102,16,18.57534818237614,6.855514309718753,10.5596896814018
4193839,4.244603800809839,113,7,76.2742215621625,2.815470132826343,13.302267600671723
676326,2.783604801923763,96,9,5.737806102792892,2.5708060403974553,9.384897398471702
659150,0.5287364227257512,84,3,0.05429000991486488,-0.10873606206805095,7.132593524604585
3385957,1.7916715992871075,77,15,11.181192658564067,3.1588946462786636,6.207840138003681
128834,3.27617113269084,51,16,1.1741904023996697,7.409450373786834,2.600976702751152
3249576,4.915337801123406,80,18,77.30572983967622,9.657405194033544,6.746252246906128
3208649,3.343160871575008,52,14,37.18373720666934,6.645638976807216,2.8357879420775145
4489125,1.669116114788719,107,3,12.666692968956431,0.4789583610326884,11.942127515955844
4259913,3.353025663948251,63,12,48.626585336173264,4.9008685476036895,4.3212891706727925
4432201,2.92993420872135,114,9,38.76082576695164,2.4845562730536006,13.497627853455281
1089600,4.009304278180146,91,7,18.030264287764837,2.8247605824897626,8.355968712513997
1035715,0.9814128747213128,89,9,0.8955287594521683,0.880934278076315,8.101855210413454
1448533,3.924625561259126,114,13,22.799129238841402,4.930395415192908,13.194958394928529
2291230,2.935699604042496,64,18,19.800134835740405,6.511422685816074,4.25160696489577
3513157,4.833464017365476,28,5,81.79298723587958,4.4227486317313245,1.0383696758207044
471243,2.0384247471740875,75,13,2.7446681506745847,3.2083240715128523,5.672485860372722
2068852,3.3467985191027667,57,4,23.28181574682777,2.029733214394829,3.4911560703934663
3269360,4.694126474795079,40,2,73.10570797041376,1.460072180578986,1.9779707120663677
1995588,0.9612937759580568,98,16,1.8836874907615664,1.5473725349680882,9.709869794716592
261451,4.71752819256403,14,9,5.282687356841067,10.865531106383578,0.18282827024857287
4207355,3.59548575035366,77,9,52.21789983911744,3.970078621557777,6.335955444711731
1762683,0.8052667659732735,22,6,1.4731011078255296,1.2879587220802131,0.6262328683310876
1014646,1.854336051260673,89,11,3.4913841225087974,2.2258790652066214,8.112024870112883
981525,3.686774398903767,39,1,14.573081156785108,0.4305526876717185,1.6424355350403643
3877500,0.8030777066094726,127,4,2.9332874554017763,0.2688339875123184,16.552421363039006
4393711,3.11976707079323,82,13,43.163910006619446,4.344639458002974,7.202026064501971
459395,2.0564737562883053,27,13,2.770706873013811,5.1290016860364736,0.673024502681386
1270386,3.294119829953647,95,13,14.59674624659174,4.375079325494252,9.204536264742773
3064390,0.7058391521563079,22,2,1.9829552915741684,0.19444756686495346,0.840616491093251
3389569,4.421915627685693,55,9,65.99516780977174,5.428139499923344,3.3692184391734132
2910603,4.880700361298286,78,8,68.9942070054628,4.174738282841576,6.311181444020384
2977197,4.859950348785612,28,7,69.25478012929736,5.812519784918397,1.0824053546115369
232866,3.873433242843161,49,4,3.7484266337206957,2.261555108554006,2.425595459142853
1145248,1.085388080587844,33,18,1.6945464364675131,3.3786358071445055,1.209258367653069
1656711,3.9121843816806017,115,3,26.774262664702896,1.2520507033644896,13.421055558704222
1433286,0.6106411240646068,127,6,0.630659107963667,0.41793692999084137,16.153235333827993
3705961,0.5995559818804876,21,12,1.8736464696261188,1.952436703812917,0.833264421093988
3187945,1.9562459861729355,64,12,12.29814190877445,3.046196788489661,4.455179271277483
3423821,2.698894356820996,44,8,25.041488821231052,3.281258632354005,2.302883960357713
193062,3.9668333801350695,65,1,3.304723583429496,0.4341014694483543,4.357973522750897
2501518,3.5748291947292734,28,4,31.911055270006212,2.9081410080900927,1.0435464966056953
2851992,2.506562178695368,89,11,18.408432906197877,3.015170187071494,8.256713156923201
4304539,1.7313199982674965,76,3,12.969933959712364,0.5480903131877723,6.307590000987524
3230468,4.9870602507097,10,13,77.97587838058983,18.93735565697333,0.4177749778326876
4954505,2.417815860061878,94,17,28.1731885646611,4.1586671337966425,9.306979902903162
813328,2.53124160948354,97,10,5.472306706909595,2.83131285056669,9.428185548917513
4072958,1.236307195362511,44,12,6.92734671739814,2.296911500616875,2.3521452940801186
1053233,4.076642969374682,95,15,18.047140074330358,6.295838585175984,9.198397668025391
1721741,3.621570016016699,56,10,23.029666157050414,4.8545047612552805,3.3866217644917747
539525,1.4934632575494218,26,14,1.2758799694491614,4.121298074722526,0.7123020972028995
186615,0.8707147052712921,122,13,0.1659699333410202,1.0047719018976435,14.982571408432106
4391932,3.562246859336209,96,5,54.97901795382508,1.9762098610698222,9.665994961925131
2745988,3.4453004642651086,92,6,32.52061034120676,2.031183949857004,8.71850623589705
4611020,1.729667871491942,19,2,13.516696314609812,0.780889983108047,0.8114203762964963
3709391,4.778886030126847,68,17,84.75592495205045,9.691782167680325,4.915890008612671
551252,1.1797605130140512,48,4,0.41148336450418804,0.8281630951603252,2.3418685564999193
1696293,2.4455066046917087,40,14,10.538384391748577,5.319309712920419,1.7599908205300516
3622610,4.746271640754195,57,10,82.27463864841013,6.119774559444303,3.5060609718836555
2174367,2.38877292616755,124,3,13.239849104835654,0.8366351951680913,15.53279130796211
1914050,3.373366764488385,75,3,22.711363743191484,1.1024984039545598,5.7656792717093825
154356,2.289174790832574,113,15,1.7044227051494354,2.989103514818461,12.761549294605391
4408165,1.7339684105690152,78,6,13.29507284572967,1.4814290893858177,6.540781350667048
3109320,4.927899415819227,93,17,74.59998709531838,8.526324727453748,8.915904446999749
365612,2.3420030284176936,126,12,2.4056666874062302,2.5950229734522923,15.816204476203986
3610333,4.523446416556105,40,11,73.26252762657913,7.73271588363014,2.0131271028042645
19435,1.5347957265098875,88,4,0.3996145376972434,0.8722228453323594,7.904867135599264
4651860,1.4589711681128748,31,6,10.222990005279476,1.677140853778817,1.3612681920316845
1758014,0.6401033729803012,68,1,0.3474716683993268,-0.19152167988685903,4.938138432438359
3731309,3.432500714191483,68,16,44.272603160055496,6.8282237159756365,4.969810503943739
4283085,2.1583685467569254,105,15,20.303738940728493,3.301683295371885,11.55726837081373
2298627,4.389612124278367,35,17,44.73694794964334,12.548183685817088,1.4227928890980512
774121,2.629444580112007,65,8,5.227069925801893,2.719507545613064,4.3633399672614726
1179748,4.856870425616248,50,12,27.09796765095564,8.306037289844804,2.5535243698269765
3512630,1.3348648206640452,48,10,6.49527468853391,1.9107642637616964,2.5816835803363176
2592115,4.4088042558002485,46,15,49.8239952633606,9.635853373959828,2.4274376717575294
1117677,3.994685837562838,93,9,17.857353990597275,3.696150895967935,8.777255254617744
298790,3.969148300898234,56,2,4.709619997915645,1.0235572503233101,3.07395529430871
2654489,4.301524526525995,24,5,50.370166428530844,4.336624658834783,0.8571752463562679
1418836,3.924607959243495,105,6,22.722482563220286,2.1841994780721996,11.15964158725098
1651249,3.3179914473413694,77,7,17.91858509751119,2.444540873746114,6.047735175656958
4854723,1.0906019495707442,117,1,5.371128224327784,0.019469070753998993,14.155599099194506
3703305,0.6463678077106336,77,7,1.3014455674315202,0.6017272600194332,6.344222828974839
4476271,4.643815315170591,105,12,99.20669278182025,5.3106115629672015,11.407495207836309
4395536,3.2749264153433213,72,16,47.45804446493193,6.312156731352221,5.614163471751988
1362695,4.084417809392793,81,16,23.00833453602677,7.312190461503259,6.654094343859457
2116692,2.666850581806475,92,11,15.078284885127436,2.8562410965036116,8.746950657155322
1599228,1.0278868503307752,12,4,1.789331152829173,1.7218830692272564,0.322517947996843
3553555,1.063336064911477,9,13,3.839690125318023,3.917493067845354,0.545471495023016
2659103,3.5850437925303718,29,7,34.102994020088666,4.809735169848406,1.2067879438003917
1110567,2.436376527047582,119,4,7.129876797136397,1.1375408369708244,14.356267100983734
2295903,1.4023612701515151,64,15,4.522493473434079,2.5567315922103515,4.335653567380692
3842065,2.712175460336466,73,19,28.65460561724064,6.032598117500479,5.747658186633895
4823296,0.7889402168381034,81,9,3.064474600837197,0.8530564154924403,6.921499966459354
59115,3.1188713086147946,105,11,1.0191494644510528,3.5722647690237483,11.173947727133175
3347690,1.7104703199579396,23,8,9.24600340595062,2.872386258653762,0.8558207986301092
731747,4.089015952867347,119,1,13.490281115758235,0.47740114655634114,14.195890382008836
4740530,1.896628815156082,58,8,16.643565450061555,2.139832476137285,3.7614029514246767
3059851,2.548490670868105,46,13,19.973506827004964,4.909844968802561,2.385579866769078
2833100,0.5522924295864529,93,4,1.274891671072996,0.20515801755423305,8.815654510641258
2994626,0.826010995075515,83,8,1.9613269661676052,0.6129407643837435,7.248974923728027
1414330,2.266221003830082,95,3,8.151009455535906,0.5608450568265768,9.235209000163701
261492,2.659724756227056,118,9,2.3546481084611,2.423160951687237,14.14453098346742
4045851,3.200092466536866,47,2,41.86984924341569,1.1083392622663018,2.727618027101012
501072,1.8124816041918643,45,2,1.5640624230927747,0.6784496004322517,2.077351816738735
1096880,3.627418487569441,67,13,14.331979853413575,5.924112864425532,4.524563041917834
4709303,4.370550787351421,66,15,89.6257900381008,8.058310945586872,4.684629033709867
4535897,4.009329450020074,17,12,72.60786417132066,11.956414567612592,0.7474799760741314
2065723,0.6782847140676072,106,4,1.4050249264140928,0.15146886691021533,11.455456331000642
2258988,2.66228126266023,71,8,16.16328844789768,2.5017772996110894,5.232381101464713
4313244,0.9721858028817868,122,9,3.953624268555629,0.800926115592902,15.231500721538005
1324093,1.5892025713813736,70,5,3.615109088119191,1.0824104570194695,5.003068152357314
2774673,4.939981669702159,56,18,66.18355857156172,11.444082549966904,3.465860789074562
2986242,1.1412299430568096,71,11,4.519973734827733,1.5301545262106615,5.200583567454128
4590081,2.744996690531102,39,15,35.38522277204576,6.641175169495155,1.9641861710825799
2658790,3.281700804431536,14,9,29.120408809963305,8.29915450837931,0.4543462872380138
3773024,3.661092367448468,28,17,50.000388835844106,11.623737983079288,1.2020305173293673
2656791,3.0184190756911136,27,12,23.899822698513564,7.864447598916756,0.9985880544026012
2720108,0.5439688133863265,33,7,0.9734318297203443,0.9690152957247682,1.4439506339124693
4843177,1.9690758870979637,75,10,18.7334385804594,2.5168170975391613,6.023693771781684
3363597,2.8297023952312013,117,10,28.26076662011563,2.717106980887582,13.89885523693115
75953,0.8953992461517501,123,13,0.37930730236509574,1.0135423413575184,15.223279042502426
3999618,2.077821190441313,93,19,17.645454157849475,3.9061749741901566,8.942127475642518
2607480,0.6494139895611495,22,11,1.7278101660309466,1.4957457575095483,0.8554773668445903
4207571,0.8536032371975933,127,13,2.8075840047902134,1.0852574556032382,16.564921243934286
2932097,2.2861547429071822,111,8,15.864275623459946,1.726040025262439,12.546826092681766
167164,1.0972208931937717,92,8,0.3694148068890049,1.176199623360408,8.466032467065927
4739930,3.053933817177012,86,4,43.136107152671066,1.4244092499108576,7.9061780580149135
2238636,3.602592361117696,93,15,28.844267612772946,5.793063663283526,8.762121452895084
541831,4.102640145990873,123,11,9.697538129949885,4.147061660837151,15.130141065844382
2999475,1.4006760991016454,99,11,6.047870585463289,1.7663281624501166,10.124404325886186
3216420,1.253671620165814,21,1,4.911049100985653,0.517537331389759,0.807542459114901
3375884,0.9705552815048012,34,17,2.7103265526538043,3.0183183870252406,1.4389651379639739
3379720,3.363936122946365,112,15,38.724564932595506,5.10859008544676,12.819923890036081
4721075,3.679140769191055,47,6,62.17547669625619,3.5278558694631226,2.724431048700636
2650328,0.6421376517153892,65,15,1.0431755988246705,1.3419955407552095,4.490502101759379
701095,4.712955108096605,35,9,14.804614347952576,7.0043725871787625,1.2492540581565816
843727,0.7338707764316259,33,14,0.6111833850051045,2.4380297978793513,1.176751523530126
1172928,2.935833508854817,120,18,10.719018700128688,5.158074172951323,14.471925746256925
2193151,3.690772337529124,70,17,30.387540312720425,7.355136741383871,4.9943204750770995
3173683,4.419361056857385,73,18,62.60105240767557,9.399078414482727,5.67730580405938
3980001,3.713391194595925,32,5,54.89002661993736,3.565303866521014,1.4029353272200529
80640,4.107776373814064,127,9,1.4020229503978086,3.4940574207570605,16.065120636977948
4400886,2.0275258664426272,10,11,17.93908697599445,7.089421738914909,0.6135019720748468
2010991,4.166713011859305,79,1,34.290263795143986,0.3771982910121104,6.355830954793089
4132263,0.8605168087310382,51,18,2.5711241331479555,2.111267805743762,2.987052809256026
4604877,4.526674952272375,104,6,92.98091507261357,2.6317469416048476,11.357491300841875
4265780,2.964165692691813,49,2,38.124205018993884,0.8627542808593144,2.9864814392070347
1365531,4.177839964831222,123,15,23.859182098127167,5.914282841799935,15.194641182393665
685510,2.535432280332351,106,14,4.90271468238318,3.5766809255194225,11.352693631856598
3751196,3.3960996283843623,13,5,43.43627768023112,4.479351026825843,0.47548320331269656
2744296,2.8688119742125093,46,6,23.75218244598566,2.722806967200201,2.3792451184685692
3341869,3.7921528478989934,59,6,48.27150824373786,3.203841069687276,3.653574698083316
908320,0.8673349191376531,30,18,0.9903681944148838,3.0810576864756274,0.9537876820131709
4839040,0.7715843779575371,96,14,3.0680248406756103,1.0765424137144655,9.708613717313314
2017635,1.611964553045659,57,10,5.0059759204641265,2.183529604432626,3.4500009107086473
1236607,1.2179510605093475,50,14,1.9690931299923664,2.5822553940979636,2.768850883893018
4073960,4.423026049664907,26,13,77.90083778005736,11.606557158076248,1.017569211408147
3274908,1.4864629431111993,76,3,7.310294877461466,0.49716637263553537,6.100889613868236
4270538,4.891393651186091,58,6,101.47883254907688,3.8948575775787746,3.7559115830677525
1622818,2.0160310629699807,18,8,6.90444826075541,3.5507607963138237,0.5841444858103307
2285504,1.3195306205991468,127,12,4.119332496211106,1.4441880320583784,16.210216079323484
3235187,4.053643282141156,19,13,52.787523633637356,11.887138734743155,0.8007101642967009
4614299,3.4641849897539423,81,11,55.48343654294321,4.009065488005975,6.890440944034201
4670456,2.7418807240391256,15,12,35.23293614683879,8.331552445420192,0.6852002786997964
4108502,2.9991359792193406,31,1,37.23082595486078,0.5750006985813527,1.3849569172396925
3631581,3.736408002225187,99,17,50.24970544711155,6.458881641307316,10.100370018935996
4256238,1.5280463359908445,48,16,10.672917069787479,3.733205827151113,2.6718374351921894
435523,4.9835026222553385,43,11,10.18962227953111,8.072474188703262,1.9370656534478703
3609865,4.886569229660524,108,13,86.0539785049258,6.100559603119556,12.119815077215177
4209790,3.426465588561216,92,18,49.63345457881334,6.17114460298779,8.866203980501112
1049458,1.3979410291811531,79,11,2.259651698667396,1.8907922918804576,6.43014761147252
3782811,3.561027090940811,62,12,47.98359159781613,5.359635143901016,4.22092362677621
2327336,0.8248928404062913,16,6,1.6332299962060213,1.5811467430382526,0.493020486277899
4170435,0.6379362599261273,54,9,1.8120637947105533,0.6406538680590842,3.297863807387716
2773642,1.6595729983004617,22,16,8.0860318636119,5.8518202430822575,0.8320377638046206
1819891,2.581803305326924,55,4,12.52735162619294,1.5123148769484456,3.2152128462363745
3798340,4.407226274337712,117,3,73.49962654342998,1.369849376970919,14.127094167408186
2429862,3.772260813948386,111,16,35.004346643202915,5.645745796453257,12.54495334660279
207775,3.8421793453999142,89,12,3.4406938659626847,4.749627689656765,8.069992590881848
2396488,2.4147200050163398,49,11,14.521814929585274,4.511052105281447,2.7112275081010533
797494,2.056707466461333,67,5,3.6129971626541613,1.2266424249759664,4.526377063208562
1211193,2.1696744334307123,91,18,6.126070021326882,4.171224633493262,8.369326969609492
3953334,4.94442303681226,77,19,93.6042793310276,10.263720422222148,6.260288448490171
3019758,0.6804913613561712,19,6,1.8407187972498724,1.400280807681339,0.7789041456128772
543636,4.401641732551019,9,18,10.121476292512655,18.551544516714664,0.1598467320954991
3048370,3.1040393385757703,14,6,28.627396691050773,4.995619693000965,0.45554482237130745
4242406,2.4737693863531574,87,4,25.335115132069685,1.3006619316877426,7.868672392114152
4278764,3.7636594718681136,10,12,61.252178779403785,14.335251855766092,0.5662208798830318
3245658,2.6900102364111627,116,19,24.31944353141936,4.816840622268599,13.84240969511755
1786203,4.430404571367473,10,2,35.264682522400356,2.7721423453698275,0.21289370237592528
2286360,4.553158388050663,34,17,47.07954566783339,13.151688491424858,1.3484300845683626
4418249,2.397744170930549,121,11,25.70345216943132,2.369567325917177,14.996241372750521
4436219,1.745725087557732,114,11,13.195734544979514,1.8111503522618069,13.552213929605395
2544629,3.16557647867013,47,16,25.46800173615272,7.746926083074609,2.4121851765860125
535830,4.605635055275109,109,2,11.53091996910061,0.9086993908177489,11.902254640924815
1342397,1.4479798505254995,40,2,2.5656772607347795,0.4756164192929153,1.6828490986912956
2146233,3.3033496260356725,99,8,23.14523836731589,2.7211470544112455,9.990081180600619
728216,3.3420209904163425,8,13,8.737179001590482,15.084433460177156,0.2565678618636115
527313,3.799008600868764,126,10,8.47770587220453,3.4834558163471625,15.748543230321339
3675060,1.0920545830726691,15,8,4.2720490141581235,2.7766853092061363,0.6050472373539418
3472565,3.7212123410693994,108,4,47.74454118587457,1.8546408421598906,12.029057835190962
1347682,4.5906463429953845,39,15,28.19274261856763,10.716934917452074,1.6919648438472827
1296643,1.3085739899160889,55,1,2.493345304499858,0.20078075669453554,3.2107027795888454
1543584,1.5689449621574494,114,11,3.3223655276413098,1.6324236136040715,13.18681162965381
404540,4.871277923187378,108,7,9.60639633854313,2.9282106976463846,11.829754048358346
2625075,1.314396287192704,11,17,4.659380109202957,3.7828739851534516,0.4493221927462153
4949003,4.344732920163106,101,18,89.268972811187,8.162939208753095,10.5149435145241
4452987,2.715250354016157,77,12,33.4101192808423,3.7886286651813834,6.280332844778786
36790,1.6125398348142967,117,9,0.35500910922113277,1.4230125490031011,13.64528512660902
1701738,4.418374555726301,125,5,33.83471614927749,2.1943969380046484,15.827481270313935
2918873,2.5038736475119947,26,10,18.22542516067681,5.05474919483169,0.9462357277280791
458345,2.8166780926836057,39,4,4.684638086621746,1.8489532758768175,1.605476450523534
759074,2.116550162298945,16,5,3.8450068035132365,2.3969498235288755,0.3821898077475085
3695501,3.1682788314571733,19,10,36.92519241195731,7.461457962404622,0.6736404293200953
1889490,1.2358574266326023,18,11,3.5684283020955934,2.983748688040757,0.5926786341633717
3897857,2.259866914932923,53,10,19.40778270915839,3.523315441230269,3.2422222090085637
4994445,4.862355450508794,126,8,115.23604059731191,3.465198339274551,16.24077040179203
3186083,1.6616004471550738,23,2,9.009598638120341,0.7452798580277593,0.8486361000564743
1464908,3.4553149904358147,8,8,17.838151134512938,7.918377175783203,0.22672528177220033
2263694,1.963355289011127,70,16,8.561009140462563,3.87804481721425,5.095724309011893
3329144,3.980629065589703,116,5,53.574844328305375,1.8068579510305727,13.883769637157272
315062,1.088931473232574,126,3,0.5007400427811738,0.19864503361112562,15.797069579451968
4959499,4.864194702853451,124,12,116.37235664367408,5.229581022676195,15.807564479849987
2397312,2.5420529362263764,28,13,15.706911108256774,6.125672428890699,1.1033526177479864
3703976,1.5622270850590878,37,13,8.862123605501317,3.259430229007543,1.8160679082244666
4418224,0.8307353629850569,20,10,3.010583683526263,1.6299282006977254,0.8892413913033705
4045493,1.2639105728939333,41,4,6.912773558912531,1.1350577492763017,2.2190347615959176
3398532,2.8389827685020794,11,9,28.48116264122673,7.850000647982771,0.45841241635872015
1435541,2.016514293940788,35,2,6.205411237290051,0.6857399867309957,1.2557543907257063
1881403,4.229975146471743,109,19,33.92260588804715,7.839353349456787,12.106904538564264
4858287,2.4389938564781266,102,1,27.684696098404483,0.28583474142186743,10.74761403746547
831052,1.6192142266443346,66,7,2.1061428510611373,1.171296906714707,4.420957035217774
1817150,3.2771524397181357,126,17,20.659701670542667,5.094344219421711,16.127832091163963
2235300,3.680497475984506,34,3,30.976348615150606,1.8790870184663808,1.3192551732344722
1865567,1.2516885855542743,76,3,2.9554368790907612,0.18354620357426477,5.992417092190925
1544837,1.2542864732974297,32,3,2.660358426772932,0.5674425812145363,1.2785250454725396
3511268,0.6650214212009433,10,17,1.8612785448575329,3.430698050584817,0.47713201072262107
3348442,3.813809067795382,104,7,49.33207422822991,2.6620257682758557,11.144378656927351
4936203,3.4871203742981227,75,14,58.132730922719965,5.4722802786444955,5.986167814998838
4464051,2.6358389408741623,32,17,29.997142752840592,7.634929413629729,1.3956232091248464
4819954,4.298767020361387,27,18,87.80473338004622,13.489624075287281,1.0661908509754656
433570,4.12551568827524,41,13,8.929676150704847,8.480863211808469,1.781943952685007
2383139,3.134094639785385,33,18,22.65615554002763,9.41929104126483,1.2580418491818077
868158,4.407220762309664,12,4,17.013295536480857,4.402945995711784,0.1668010182370354
2124792,1.4262854451654572,106,1,4.278078598685683,0.01867866847198609,11.320456425144416
62528,1.0036382872897756,68,18,0.42262212439025143,2.0131851840493487,4.741893541215023
1883421,1.7138732518264532,99,1,5.887063818819074,0.1787658842503385,9.93925709417637
2608260,0.7568908524019169,100,13,1.9750301137742223,1.0208015844836538,10.29073062724489
1427077,2.890262876004644,16,10,12.310305306023201,7.275700308284754,0.43289186165144
3305887,4.714725615327327,123,11,74.98959603036485,4.872727268300019,15.443524564345005
3328230,0.6770459330082934,109,9,1.425152555879463,0.6034669711413588,12.11270475362351
2262728,1.0494946130451206,57,9,2.655514779466631,1.6398596061276385,3.4541568237795492
2495195,2.534895627275459,13,5,16.90004522572575,2.9160073478532755,0.3873580147492685
4270507,4.702437578875572,90,1,97.64758666425274,0.4014393289809716,8.482013217775595
170775,1.9227024723953767,67,17,0.7447277687017048,4.069137952034132,4.524123453816594
2677867,2.782556639097766,51,2,20.97820790071592,0.6905335550510593,2.977170508205837
1573299,0.6870778657267644,18,13,1.2924804773985852,2.431920191877868,0.5846222087991853
3479401,1.1675444043294,73,9,5.1375902857173745,1.2966237168819377,5.679062559001548
3785803,4.939835553314811,54,4,87.1816604398665,2.7680665684347305,3.279569516776417
1354027,4.843034133962205,115,5,31.204291417927816,2.310764344381549,13.387423707412706
4176500,0.5222299142048432,115,11,1.1804160876994336,0.5557537646206044,13.50292342529206
801267,4.783153034404576,80,19,19.88950457739189,9.429177156592496,6.566398190497478
507562,3.376039720169752,92,3,6.923427020028737,1.1561688309074547,8.641245708808269
3858693,4.4056323253401,95,12,74.9915671338068,5.040043805787081,9.470876085886657
4588238,2.546329350352366,105,19,28.96491845250378,4.731749423893002,11.517541993700315
4047776,2.820182128606626,93,19,33.25223178119949,5.570792205879822,8.87328910547865
2014168,2.699809611156141,10,13,15.078764126383437,10.568486086866674,0.2487120985070352
4020912,3.5008891589574693,83,7,48.951727036027286,2.565080881720363,7.199872131173075
4521732,1.128430646403408,99,15,5.626084445739743,1.6386144700561054,10.257219593240775
4895211,0.6348811544270507,37,7,2.3674317822929885,0.8233431122971849,1.8217958014746436
2189996,1.8856847371603591,97,8,7.321163148249674,1.4573860892519621,9.594531572031848
1610396,3.6710634323149103,119,5,22.736149492423788,1.899111742417976,14.413796792883804
3321149,1.4083405345532676,28,14,6.001199315110555,3.5718554456739913,1.114960745436423
132402,3.530445949962128,35,4,1.7613509912906307,2.3381411981830635,1.2486881146711988
1176588,4.864604207482717,127,10,27.880319426365077,4.566160062089905,16.102705203615123
4642965,0.9225532210523828,97,15,3.7541116231723426,1.4931930394231292,9.84236257297021
2506081,3.526709532013068,69,18,31.521295085073618,7.186394376685294,5.045916118066713
2687618,2.4968759868705703,40,13,17.269086254158324,5.216076780196266,1.9135305650504981
4777999,4.406640144698774,92,8,88.52100734496507,3.316855630002841,8.843181538045398
4667860,1.2971740525132365,42,9,7.776438343417737,1.816316542590613,2.3058877077083886
585278,3.61681678501774,59,16,8.02172289519454,7.342928115822881,3.5308337540029124
1188049,4.271518803416496,41,19,21.731925511779206,12.041832105832604,1.72481892197564
3090201,4.750763987633104,48,16,71.2721114856901,11.069877757369957,2.5527064045269667
4682311,3.5746161273034063,58,7,58.301497202528765,3.3417262495670896,3.7694614265292476
3572737,2.737286438037923,54,14,28.122438010936502,5.208221027672318,3.255214782488366
3474442,3.2803125809054623,89,14,37.451693043664136,4.861626812029047,8.318914854167703
1284732,4.410072430154232,65,4,25.06989297116963,2.182315248267349,4.48996410777866
3324692,3.0677438598747337,82,15,31.81443778224549,5.160367099422938,7.140793149856555
4203398,0.6367417686357659,64,3,1.7663058693925497,-0.00859714547744196,4.583139051879216
4729607,4.6892691297814,30,5,104.8726241336443,4.198871172919442,1.336859886231289
1120389,3.602870379642025,55,1,14.402021008289468,0.2045190973375459,3.1448636104679797
37712,3.5443102359976093,29,3,1.156887375725888,2.027188393513735,0.7954019372849085
4081647,1.4705381857897273,24,15,9.414006131333462,4.18684726342131,0.9464754830968377
3922942,3.4649846160469573,76,8,47.111316929227684,3.038991271013749,6.2555060389589325
122816,2.272389825443713,115,4,1.0182161878609037,0.8706286299275441,13.31448298519971
1645156,3.4305483966867145,18,2,18.913045299945782,1.7575450412116527,0.5429425060567191
145230,0.9796686363859582,101,10,0.4284618589069866,0.9146224671787258,10.182097294388763
1776616,3.460303870713662,22,4,22.00387975426778,2.820922522813791,0.6341600057950569
4473418,4.997361765968,98,3,111.00327401657489,1.595919618698874,9.854498695208866
1393194,0.7169541748725021,42,2,0.8784643866099454,0.1008610343011153,1.8220044184128954
3111360,4.897283828995928,40,17,74.30614771928359,11.97525225462157,1.948930171162701
1891548,2.3310858232529177,91,13,10.525679037365,3.2288343778513418,8.418578534973703
4355760,4.418390526517666,23,5,84.05954221646945,4.474756746340573,1.0018583064956037
3261298,4.02073467826223,41,9,53.609868625750366,5.525492701974424,2.064037969036796
4475150,3.051573174440005,73,6,42.35981517836692,2.334195873344627,5.794950248854475
10404,3.82302144163097,106,5,0.6294775885207038,1.9529553526492913,11.23711492810472
4907590,4.4533200258560655,47,10,92.43264826059347,6.5626198955172095,2.7037958232659394
1333483,2.3186314474296483,127,8,7.7494299520284855,1.781292009015095,16.141609899744722
1732320,1.971649227034574,35,7,7.366912145264118,2.4448533555873015,1.4382950656733693
4919764,3.5041702350361312,54,7,58.68066991192025,3.4654381696553553,3.40325509566188
2342517,4.135306738735664,46,6,39.70333123180653,3.684234408180523,2.3492309458217577
4547090,3.930283106494771,77,3,70.16341149027585,1.3550316493260999,6.407129736297682
3206340,4.090161419863855,80,19,54.07617087726837,8.38275169642093,6.693116782600169
173273,2.4601249166581987,27,15,1.13666687094102,6.292964246459425,0.7189026737413167
3864418,4.180253972787597,8,4,68.662511540928,5.492648391175145,0.5210624045556426
3662692,1.040940749167738,79,12,3.721926788123791,1.4931520789623116,6.6305577373371225
1097341,2.950200940823823,126,6,9.995965971077373,1.8332071548685027,15.989682424782895
3987266,0.5259139722415471,94,19,1.1839525893504135,1.2228926495734267,9.227494049491284
3041756,1.9606362345512165,70,4,12.02404602419981,0.8580819312048523,5.152772011676575
853523,2.1490769069212905,74,15,3.9417108008124124,3.526088956324408,5.592680648603282
556237,2.282777112241649,11,9,3.054999527130645,6.429083893933194,0.16471095570309635
4905207,3.62960243010438,65,5,62.320076335137216,2.239481374120432,4.668971469489373
4050479,2.248511455716556,32,13,20.717963821959923,5.224118575525298,1.4498473658987718
102193,2.519121301801388,54,18,0.49869269585211884,5.9602243427337465,2.9670378257304417
3191915,1.5689485889344736,45,5,7.934916160063365,1.3904393428195851,2.2815313842217466
4710254,2.17963306233203,22,16,21.622435587007896,6.803389358108111,0.9601386146278484
1196887,1.5227133226841816,70,19,2.4655410144385925,3.5813226714965714,5.034150028597555
3018038,0.8293816569579964,28,14,2.2865245403950722,2.4702892801127665,1.115033499299023
518153,3.2155186702162006,106,16,5.991979972845642,5.2020657464406295,11.31459015375288
3344817,3.506957593497573,64,15,41.43072424380171,6.752960500561079,4.384173435459143
3592069,3.2877065570432653,124,4,39.24519502269365,1.3075284323661298,15.695124336981761
2725514,2.585723197102576,60,7,18.347701660850078,2.327567908340397,3.914556154491822
4891713,2.209036010806534,53,16,23.280282464655276,4.8107805267709995,3.1873460433131227
2668571,4.385001423073214,123,8,52.87281044894933,3.0469901167133018,15.416275214180313
4844357,2.8358680331129813,21,17,37.883954952557126,9.500943439480135,0.8207285557181464
1689748,2.656318449333789,107,16,12.37526892369059,4.29995674676538,11.75918890076955
2233069,0.6153892961289607,83,10,0.8046551468803683,0.6688473130183499,7.1431659492001325
3455498,2.0356152243177035,24,10,15.16600709171482,4.217458304726555,0.9175528981482717
4902472,2.2108802845363567,46,2,23.438854617668536,0.8030386623701898,2.507064006836915
491680,2.294702514036052,16,9,3.1939753707965,5.2428079641137115,0.28288416219113244
2646694,3.110775661522996,106,17,26.050440321920036,5.1015058657842065,11.372467366087562
2971293,2.901211460270953,84,11,25.538154229727027,3.468428471200988,7.328202787719038
4110673,3.235572917570501,86,10,43.63888738327839,3.383728752477522,7.812400211920467
1544026,3.941974676939578,89,17,24.510261442534308,6.999119782068866,8.102304160026144
325826,4.158435824222421,122,4,7.506087547991188,1.8928524484986013,14.914339379209425
3477366,3.731553843019225,104,16,48.54171374812731,5.878467440230622,11.199410525362959
337359,4.799856631797206,13,15,7.568616276987593,14.332571664662783,0.11318294216098908
3758603,0.5820466220436273,98,5,1.2734770573347327,0.24542729474439828,9.915001797193726
4211253,1.3810009355759574,30,6,8.035400215513766,1.6894383470811605,1.3273225064230283
2870337,0.5340329374016395,66,17,1.1930648688098207,1.3766307598871537,4.5639975142143285
327537,3.413636213695713,98,1,4.408607076030055,0.4920401417320571,9.522406397959825
560222,4.541137470274941,105,19,11.443590743433495,8.234484674886163,11.101474993624022
4985026,1.5956703345933467,127,4,12.10900278604512,0.8624999077846617,16.548411390427397
2583619,4.67165545158338,53,17,55.088631247613996,10.895401852293121,3.1314067360962086
2463752,0.7712032563030238,45,9,1.9245849424405006,0.9446695219379092,2.21499148529401
1374133,4.704962120624814,21,2,29.56743458337732,2.290765094761949,0.5113202543997406
1942247,2.082302092578355,107,8,8.5546001490682,1.5296027381650104,11.770167040480294
1363038,0.9563937280214744,124,15,1.0184464901511197,1.3476335458396596,15.443417408480391
260875,2.6864229163384654,79,7,2.627759094469374,2.0051322773992935,6.3478323347745125
4667693,1.6554945547422857,69,6,12.419179353063816,1.5438686771953032,5.195229343527594
4274694,1.7819280588286528,42,1,13.977312578178553,0.5356260350865334,2.1919353934521095
717689,1.8828048421682892,26,15,3.2441041709182907,5.488308755898764,0.7820981493530007
4457794,4.113616540246985,37,7,75.18250694995643,4.393538228652978,1.8385645276055458
1625952,2.926225745038645,85,17,14.380981483070654,5.2729843311513696,7.354511850486724
1306516,1.9008846462020164,91,2,5.403059910913439,0.4933235711262789,8.37309588665876
2540179,3.2465020248991325,120,9,27.071896032236285,3.023930620553657,14.535003039593
1566617,3.722678034004371,32,9,22.362264361183612,5.908558175281626,1.2777299815845549
3473351,1.726808003300902,47,13,10.287301811185133,3.527372137128063,2.7258189549039353
1275040,2.3609709568640818,95,6,7.722866520292154,1.685265022624955,9.167793147714626
1864971,1.048487420016264,21,6,1.9852377373929084,1.7427502976923441,0.6078928325976954
660199,1.3151720729060614,33,3,1.3057151205185327,0.7253699608967827,1.207299551303183
4044628,3.5650303428424226,109,17,49.75073994307222,5.866428196406833,12.19700373024158
1859396,1.3164725646303213,94,17,3.6325524660905337,2.2037940097689797,9.065854283773662
2701276,2.86323522650177,29,12,22.958083839048516,6.680143655269901,1.1995973811568015
638861,3.690708177750947,55,16,9.815967663550062,7.701271446137932,3.133729409783855
2536954,0.9809461539263472,90,15,2.4589869012441783,1.420046853333395,8.404546703112828
671614,3.052904988330066,117,13,6.678107587012798,3.9041953915202505,13.624350844416995
4883878,1.654532526656137,58,1,12.995728435429392,0.40688734238585406,3.7558362785514037
4703174,4.8331709385691095,10,17,112.47968103034196,19.169242762006704,0.529179355554623
3367519,2.675955410239661,49,3,24.209370191064934,1.1760550384738586,2.8248438835389407
676997,4.126966473988212,26,15,12.034072535731719,12.114683407774466,0.703008905242246
1736351,2.976019439703178,80,4,15.706328680367264,1.522446465292458,6.5745680419782015
1082647,0.6953563978466862,35,4,0.31958387250908055,0.38419037800799316,1.2202514448883521
1641107,3.349181190173101,91,18,18.069312237508882,6.029297068348075,8.420228378511984
1038455,4.781315039929956,52,17,23.026981667391645,11.379011313524323,2.759834058350234
1315794,3.2072531906584905,78,19,13.642065700377309,6.826097789230103,6.144409960649496
1960367,4.186349867420556,85,11,34.854099462940006,4.9568159556003755,7.358345051486441
1920705,4.4789290850678345,70,3,37.84527903224546,1.6788455876888437,5.046875211419531
1611596,1.526358973770196,80,8,4.0070284371405185,1.3676374733176755,6.662033332726467
3801481,1.45420177958702,126,14,8.275692766880894,1.9584065017015733,16.31551487909899
4160276,3.249414449829463,26,1,43.90766532114944,0.601402344491306,1.095858974446605
2392357,2.349628114130171,54,14,13.48580379280559,4.500536012343075,3.287791245444165
3497124,4.279375862900242,123,2,64.76577146122018,0.8647038124689037,15.484875229217202
2255131,4.55010405529105,21,4,47.211189590466994,3.9023296640120075,0.5291560365977696
4256049,2.0903962068622315,127,19,18.593689533445275,3.5615331645234,16.557321813355717
101865,1.5659175153851692,45,6,0.3589813575176957,1.6682077586916284,2.055574872492089
4054588,4.012364818597378,60,1,66.23860977955532,0.5486148642625973,3.9102397897568397
1082200,1.7366271599666123,68,17,3.611073191719466,3.6754179530489974,4.835627791992706
2130473,4.201764433311553,43,8,37.30027934209393,4.661052642436696,2.0665657613314834
2510856,2.4068221414194326,47,19,14.768108787434,6.35075555971317,2.4993806540102157
2916158,3.503974546811617,88,1,35.93624414822272,-0.009512863346494487,8.023216703366467
4078472,0.9299089122560068,37,5,3.186026748792053,0.7738149299589958,1.9037556823251982
1232869,3.3073669610445786,16,16,14.398084826153847,12.46583722914226,0.3309289892687499
2293869,2.532954554317531,71,6,15.240831319335179,1.767946626791485,5.271201164110032
3135354,3.1397380842896334,40,8,30.181803079773367,3.9843078287129834,1.9010845035931225
4092494,1.2560639348518854,127,13,6.9729086246536225,1.3873306767687308,16.58000930011735
1439551,3.81593185224882,59,16,22.29006536303502,7.799152601912859,3.565840788423905
2291020,4.382586848944529,96,3,44.63842392266133,1.494527802566367,9.439622406677875
2766944,1.4753291004084903,21,19,5.827645044468932,5.407880207045387,0.6917864016960609
4792883,0.9307154998407278,82,12,3.864651586107877,1.2949693329157383,7.23946799958003
2297623,0.6063736372085138,60,16,0.8688663876301596,1.4398539266080241,3.8045870247022906
924032,3.388871751994697,106,11,10.907480242605534,3.802640061608404,11.362203281843694
3992588,3.231923162399513,112,10,41.974357899833336,2.7605559765719234,12.892222505793429
1577438,2.960138357213315,66,4,14.788461522623718,1.5149430953588134,4.477932592974346
927559,1.5437619325218894,85,12,2.676360998921871,2.0225096060010683,7.188363308322621
645605,2.259076981574816,101,2,3.2934257777672884,0.5424557595760874,10.280989399308142
4593897,3.175143508337779,48,19,46.003355948531464,8.756111906134036,2.722963435783988
825131,2.7354508648662623,75,5,6.22171117776982,1.5246759043543918,5.600765559466975
77661,4.945034840966993,75,8,2.183723635963843,4.1068527173147995,5.590320790953605
2088007,1.113978886505299,99,7,3.373057109197103,1.072801555709073,9.967556278741771
1317506,3.628150493214172,15,14,16.610908953169798,12.836700778784778,0.34548641305235106
1981206,2.3194344564693146,9,3,11.526112326434404,2.0796560143003195,0.2922962533807766
2911614,2.4268982671652664,112,18,17.468298773145186,4.259718963908366,12.704653197870785
2976422,3.729189945461793,117,16,42.073976015617845,5.50818066569425,13.901690531244167
3718654,3.615962680959664,93,19,46.636623297287,6.370066804436196,8.853044537284443
128033,4.960651971659847,48,19,3.2306346263129733,12.806979625532207,2.319326574806622
640265,1.0777743025435635,127,18,1.198919000017876,1.641434272859907,16.161946337479854
2720309,0.9684934222287483,62,16,2.4515391415585235,1.8514197343443544,4.176163570670238
2928258,3.759524677079335,23,8,42.70713501765854,5.929641423216577,0.8590402987261814
1225502,3.1027411265288407,100,1,12.260008812373599,0.48418809885091835,10.125126288095924
4636038,1.7337229995191263,69,17,13.48554008372083,3.761111454408911,5.270703087223062
1431796,0.8573871604504397,120,12,0.9419177738179507,0.8817569968337124,14.463509981861236
2772779,0.8854621231839375,55,11,1.8202895205651441,1.3843340455330246,3.410925460673211
2329049,4.523858935988533,37,5,48.33620874427178,3.3952739095948266,1.6603991937107037
3730464,1.363402961234343,19,12,7.01965554459758,3.52862835532677,0.8339114010621853
2202614,1.9551720295198436,42,17,8.395867406233606,5.048074979001249,2.011668498160042
780173,1.519953810021446,18,6,2.0344769105499383,2.182655971000189,0.34498084547771385
2679355,2.097483376243718,71,1,12.81705330021237,0.2835252433422226,5.271856850830493
3422504,0.8124072923574202,117,5,2.6514281506893,0.2896032281579546,13.994585476926165
4863260,2.835769059087217,57,14,38.05448327593755,5.383365417367968,3.6693671328049025
477010,0.8042565361649671,92,5,0.44757588765896544,0.2895736349582138,8.560708667086246
1665016,4.101604285200628,28,1,29.722357264772068,0.7258205132277051,0.8035428737231441
1707900,1.5517043685969485,76,18,3.9742864612554767,3.0979879260421104,5.985135149894549
4590497,2.930053615720298,55,16,38.862823069171746,6.494656506781037,3.533709699400032
4231038,4.460355894026562,27,9,81.27023118733727,7.696119565411426,1.028161155503235
933875,3.4289481607123737,108,19,11.420199910378637,6.008752344890974,11.771455147974825
2133221,2.898310039481009,74,5,17.611266271306015,1.7177512329943971,5.723481670943483
3890993,1.9595018890191904,51,2,15.283728173636343,0.5559173408253094,3.027425888857735
4741502,1.9985086087618904,40,15,18.634887741774318,5.032716563633527,2.100968442220755
2578103,3.5126912983918555,124,7,32.28636414764929,2.3238587553383727,15.55874678397094
91264,4.973627125495254,80,4,2.2821656757077666,2.2840082910274337,6.5039586423410825
33275,3.478276354322204,68,1,0.8499237878399225,0.3616898545284538,4.7434668785951715
2703714,3.0100253781651123,16,13,24.51344407344457,9.50248557140168,0.5714340915241889
2470072,3.787927296076608,75,7,35.83146696953309,2.75810367627747,5.844512133488704
582735,2.593425255276732,42,15,4.166809964175131,5.964707163250965,1.815070009943129
2010609,0.7706405417035335,88,14,1.7656849153869163,1.0433958582149883,7.906891123232596
922826,3.0303356714505942,105,19,9.150916442086743,5.405014394202657,11.075505893693672
2707143,4.809313780274211,95,18,62.619126879021444,8.535270909562978,9.380106746294235
872522,1.2888632406094684,103,10,1.8523082415929397,1.3203581390838286,10.634866076906208
813692,3.605022008692996,72,9,11.163597722848019,4.115584617588103,5.339462473345793
1171157,1.404201598965754,15,8,1.9311986420487082,2.8630601307219274,0.384152634230689
1324532,2.9112245801288656,52,10,11.478846344069778,4.006194581633564,2.8611534844497446
431240,0.9350440234102384,94,17,0.8647382064925084,1.6547444144635832,8.985061410510124
3869744,2.526669213161833,54,2,24.558113088454494,0.616084571087944,3.3087951183171076
954789,3.9027349800286073,47,6,15.936675316305365,3.285814082569845,2.3423037481123115
3117092,2.0640718590754195,83,5,13.145766911700395,1.2030518314434142,7.188602007832659
2223573,3.492102760192481,61,9,27.257335028327912,4.190970135078419,3.9138050308827723
535893,4.079524823553781,83,5,10.133771403364342,2.0342791110366685,7.0790108417025275
2265363,4.672300187657537,53,18,50.07955584116621,11.288662068529067,3.08559628133811
4391514,1.555889368349541,54,9,10.693059108950335,2.043113903661644,3.3357769039371474
4158887,2.2969216211418866,22,17,21.895708899572323,8.004393910550657,0.8973687860216387
1217094,1.1858720599868784,112,17,1.9644458313389022,1.820370919361175,12.594132846537368
2231192,4.966175759712688,26,12,54.1101265714706,11.970254211527477,0.9562812622382159
678406,4.671504355659329,33,7,13.292264812743884,4.798662828374417,1.212286133469743
3678866,2.9298070862625183,59,3,31.426363994045644,1.1167035953631825,3.752309322402959
4622338,4.289149824693896,100,10,85.51466969188185,4.357310452463162,10.354210104345448
2863406,2.8443108977241898,29,2,23.78737164368996,1.2140347850886581,1.1504177665947837
1043255,3.306135596012419,111,3,12.16918754110565,0.9731670002811045,12.496157483929226
4999847,0.9010599445220748,28,16,3.743168943694591,2.8618651564108304,1.2492119132860828
3062766,3.898716892235636,58,2,48.95518944277538,1.1087973244479021,3.62334329617707
550677,1.0747106763585568,45,10,0.9517596968756291,1.7837766231503867,2.0833860427689097
3104235,4.217304336136378,27,6,55.695096423682486,4.790692598066484,0.9409179252874569
1181459,4.019126394516737,36,11,19.211041896104085,7.340772712141372,1.4997383740654846
2869653,3.689351139843394,58,7,39.71466620510678,3.5124467311179917,3.6355476653327843
1976197,0.6627217123614295,11,15,0.6685427141909791,2.9514945376399733,0.38300154045429463
397952,1.8640776017539784,62,6,2.1071664374957346,1.4769490962335678,3.7980009424390424
2219373,1.684006564598793,78,9,6.141815216932216,1.8901808627964227,6.215471265535154
4157703,2.120613833621836,99,12,19.47455263835067,2.696102828539919,10.224587235514253
1040117,0.8943923604372734,35,19,0.8425056509906803,3.363144348060735,1.3008285794871992
2906818,4.716310203639782,11,3,66.04815735144858,3.5477496549478102,0.36150302518080585
2367821,2.9921100832056933,29,15,20.806127635047314,8.523481490845136,1.2067902322188566
535134,1.874859397961106,83,2,1.855189227729171,0.4743874873693641,6.970302320127241
254761,2.2864168268342757,52,2,1.7649921147567835,0.6693041938349608,2.6684138898814904
2940098,2.5124114322717603,74,3,18.340748271180782,0.7534221604373873,5.825248637851548
2981820,3.202674500122778,93,6,31.002261905198424,1.9808838376351183,8.778684472663953
74323,2.82055742463424,115,15,1.0004232136302842,3.9801277508155937,13.267729298522031
1247715,4.637263879464878,73,10,27.182815164775352,5.309057529897557,5.489627920840231
964480,2.736335673076236,95,9,8.15823765031006,2.616028189976089,9.175011887850504
2342811,4.964711066704907,41,1,55.977528951932975,0.7163360106720856,1.916738565861892
864016,4.331412309852931,98,16,16.97812174476335,7.320657704248688,9.599242439498703
874909,1.4382973146080111,62,6,1.9457286587886697,0.8516645726543004,3.797563471321981
4992564,4.687678465897623,112,9,108.3019590702909,4.2351357295235905,13.067241311167642
1060493,1.0236487904846423,8,4,0.9316764544712933,2.1260915934762434,0.2834102035845345
292762,4.178523688210362,79,2,5.275786101167646,0.9260339439169836,6.332517550891863
1615118,2.2128048206446103,94,4,8.58456623693558,0.8764528560458118,9.051172880437722
2893427,4.450884442002813,45,1,58.11680329272215,0.42817740085930167,2.3423462706711966
1426012,4.406255105483527,13,19,25.432683878886657,14.90456089051073,0.21305487680653834
581650,4.126664300529296,93,10,10.276129224832477,4.224112312999441,8.803395155244928
4486576,4.055136963381776,32,15,74.01595415225164,10.737312530917436,1.3647079020084871
395925,1.8710561259411835,89,19,1.5186433191588717,3.5971831958999143,8.049444641166836
2873793,0.8641367737306348,24,16,2.325365435293481,2.888335480808426,0.8903623671866399
4919047,2.3134108044432264,68,4,25.50973098873503,1.2508099748298878,5.10424366508627
3767974,1.280860317439289,19,2,5.6833394406375,0.7089260546652247,0.7372998954880103
413081,3.627279900061078,13,13,5.503638753890926,12.707227032633446,0.09400643238438318
2409105,2.057448769420035,97,1,10.541782976371653,0.24995553550490565,9.614701077101024
388892,4.890245903869617,34,17,9.245870545602301,13.597759751108494,1.161122176744524
4209591,3.384374348053994,15,13,48.58025584011288,11.601621304898567,0.6914572843757945
3164240,4.201162536354625,90,4,57.295456785733656,1.9268555498028959,8.525764751732646
666702,1.096361027338318,113,7,1.12414421804893,1.0273501772554907,12.82212901074582
3264600,4.379065170226801,72,17,63.25289499327774,9.109965967778464,5.42676337484844
1995296,4.652407357310275,64,9,42.89191191663636,5.307451333361348,4.302096828898181
2200222,2.691778634685212,100,4,16.603767614928486,1.1847644539848128,10.176009959170793
3759783,3.228138219879398,116,19,40.16311864561312,5.3449128032090725,13.963950735448872
2729269,3.9416441040634793,120,1,47.12390071121428,0.3838009892772344,14.499098522236897
4812116,1.2867738226718566,106,10,7.39727850794048,1.3445291039265685,11.51405285895524
2334797,2.761547344085491,47,4,17.76952734547707,1.5671429480812267,2.4455389244920434
796667,2.293983624975409,21,9,4.139447486266319,4.966929225172096,0.4617539055381761
1363649,1.158682964730121,42,13,1.996126158861835,2.191284455936869,1.922792181362716
1722503,2.1539049003118915,55,14,8.669872670821833,3.9649630164331144,3.30755473680521
2995418,0.8067753922347211,116,10,2.114167469251186,0.8923813909907387,13.789287524644148
3619736,0.6161535812726915,91,6,1.0835445912216373,0.4432376202781224,8.534391719515508
1394418,1.1082483011967024,63,16,2.6040276021369118,2.2311893798411417,4.152695555717901
396594,4.834018002151282,56,6,9.69355780751867,3.5830959796592468,3.092002811155605
2879760,2.9728829115275763,20,17,25.473347590804106,10.957471845856421,0.6814386504230592
3816503,4.84619972518949,68,10,87.31423541793484,5.731624780970456,4.930760437763294
3847247,2.446240452485594,109,18,23.08650985939053,4.3102129636536874,12.190437386813464
1102501,1.903172598883668,56,18,3.9509837732208375,4.437796619173083,3.2800071121221936
147023,2.7776383827810984,53,3,1.0406897382254372,1.1720060382942314,2.8834610045899725
1145964,2.477802598848096,120,15,7.02497808923094,3.390897305737356,14.594771674946546
4736599,0.9754910791778476,69,15,4.696238126541612,1.6825827278733851,5.191816201602739
1493624,3.383718416105928,15,4,18.22798502017471,3.093951704970164,0.3357943761374875
2165748,1.4721718212931982,50,9,4.5424631113373675,2.0200880533278096,2.767863116482219
1966109,3.288145797040233,27,19,21.905579495780476,11.618978558620777,0.8279934028732175
3055179,3.42590491579169,104,17,36.00203302741216,5.845678376086155,11.094824107423555
3935282,1.1841118390789165,97,11,5.658608661808755,1.3647909989440583,9.669996546038377
883172,0.7760733219980067,46,9,0.6082915414142357,0.9087605040093429,2.112902009982696
3695540,4.013427137307979,92,10,59.36888949523382,3.847706466152756,8.787799749853384
532244,2.569101906961941,124,18,4.977081066727591,4.25348593382165,15.337709581782521
4883594,0.761737079774641,56,13,3.342347136275784,1.1791549736882174,3.5563424090917692
4073309,4.9768984272639525,71,8,97.99994039766216,4.144029981669217,5.22520994456651
1072636,0.7600125244836499,69,7,0.5419303088847939,0.6821044136153627,4.933797166454897
1796921,3.62765852986349,113,17,24.091117813561137,5.558282577265626,12.96474667600327
839735,4.926555163685361,114,15,21.256776087940157,6.916596092351283,13.060162202971537
3346007,1.5763104689716654,61,15,8.690261188593574,3.034197127844669,4.11221541571363
3840375,1.140122159092383,112,1,4.828470015370678,-0.027544519102281284,12.727275840234507
4539788,1.04623222740093,16,14,4.810761178986976,3.677584298427987,0.6606779981647936
2572469,1.86473816405418,95,5,9.583678861356018,0.9921114775710784,9.362677761244695
3096176,0.95470614954791,44,11,2.6438825324179773,1.6042486060388899,2.2581116654924607
3305374,3.6147260376235937,56,16,42.420178659401515,7.308841508218607,3.430743522011966
4893680,0.7803130915852821,48,2,3.095433148373623,0.1873339217596181,2.6256806041452085
3691262,2.792399576674054,24,8,29.533413830078352,4.560883595964885,0.9274663961644773
4643078,4.985135842338396,95,11,115.03638538422945,5.484408238041985,9.465621056296321
2619089,4.162866212777084,28,18,45.582733324061046,13.775755253379936,1.129144683469251
2518749,3.268487472039549,58,3,27.04986158650869,0.9461215187105139,3.5845933544369086
924228,1.8781412935397528,66,1,3.2720313051366263,0.23157742504570336,4.334618344370628
963959,3.307531263312373,46,11,11.408176619067456,5.655815923808176,2.2361397013962767
2199415,2.8716865876024324,62,16,18.420388685723744,5.969925937910329,4.164309390810646
1637781,2.417375227506672,48,18,9.475145361560495,6.3604157742966905,2.4475776628157
3379538,1.0881966953308977,46,16,3.780041726466355,2.7188514282776195,2.4528207028034656
3252374,4.4897189685821,20,10,65.25720646540381,9.83363383924668,0.6777126530429424
355266,2.524030919695951,71,18,2.697388164943583,5.563354176008739,5.062483656633653
3966679,1.3758013031934428,18,6,7.53871169291165,2.0912467604799065,0.7723324570952103
1548601,2.154917078947803,117,19,7.626674496984714,3.908922650213442,13.799906291186026
2587855,2.363583886380172,26,4,14.716711255041277,1.9656841224662351,0.9084821202438457
3081475,4.223920530050934,18,13,54.948390915391776,12.427125980074415,0.7387447378716385
4547358,3.801264712526309,84,14,64.82943586404971,5.7845580224653155,7.367270498271235
4013484,3.961872021386029,53,3,63.89297496217988,1.5911224628313108,3.1034967184226034
1117955,0.5496406899289125,52,10,0.1812155445015393,0.7498471493846846,2.833928963726566
3812010,2.372692991808927,8,6,21.271000083584735,4.3134964757514105,0.5092735852133692
1942728,2.6660486823589564,47,1,13.652358319543332,0.5303227233711788,2.3923625376489492
1909492,0.5863652457037551,115,14,0.4826008420939371,0.755401296803175,13.424726668978474
2371632,1.669159439352654,26,8,7.204475736041084,2.670827425649863,0.9145142225264936
1424397,3.921304204049608,83,19,21.89888804949724,8.235180642774756,7.107910978492663
3187993,1.1169936757804957,79,14,4.282878652304737,1.6752803386812156,6.594954324087273
3141209,2.9088955915366626,79,10,26.731487318561314,3.3740090281561463,6.410903090537983
1233520,1.4684084240775688,68,17,2.8832770112551858,2.978629268911327,4.839707745337379
4067893,0.5545434858975198,124,9,1.682256800909015,0.6202456291053854,15.832795959068775
3227635,1.5854065591979367,116,6,8.591168203381745,0.8869879329479459,13.840927426861876
2310119,4.891431897095242,19,11,54.27455793407878,11.702785390637775,0.6571050161471967
1909443,4.106917003473454,68,7,32.85951398879195,3.127921864391401,4.974472935689553
3458503,4.818094899444651,119,17,81.29071032167296,7.856628678256328,14.420934421919398
1449758,2.695343197668631,40,1,11.388227254122473,0.5310246575414813,1.6873292978659902
1815468,0.9938128940487658,52,5,1.7061161336971724,0.5369677093000323,2.851209419502683
3437975,2.9658177003816184,97,9,30.72294769742187,2.812627033525386,9.59667792638078
136108,2.544698005519824,110,18,0.7008274647933384,4.3233573256094315,12.08207224097084
3170110,4.299606872328272,99,2,60.886301643743565,1.0142346472509989,10.060250711870175
3240019,0.9413716135291006,76,11,2.757163074163103,1.350992855150279,6.118005955386497
1717692,2.697085116598002,15,6,12.935363060328127,3.81846017483133,0.3869304722403241
2090154,1.1752189911229292,32,8,3.2296153101954195,1.8081434748444822,1.395031724314185
2254702,1.9610416710052696,98,4,8.736032133875911,0.7942082029298105,9.69361039293878
3387778,3.8181068482450975,53,18,49.58003286843992,9.00404707073904,3.086974167905802
2540034,2.642081582159449,94,11,17.969332929945825,2.9175704339236432,9.171763569940653
4542131,2.191497283155962,37,5,21.397033180543097,1.7737759573539191,1.8116067472782587
2702755,2.275143253565159,116,15,14.240982686979958,3.1369112719617194,13.776952652762827
398349,2.56751045782694,54,18,3.4545842464357963,5.950049645206956,2.9931883405212876
1072729,4.032574447266756,94,2,17.474507180301305,0.9464977811220447,9.074687706976373
3134071,4.514381100231055,56,11,64.15244021070565,6.63638386833855,3.4163789395089235
3396501,4.799006089267677,54,13,78.96316823251622,7.916293458676365,3.3262325340919183
1989079,4.041065238148828,91,4,33.08410510921957,1.8485544959854525,8.484178144646854
4598334,1.9193310308660572,89,7,16.850237666168162,1.4560142442378419,8.33215864792444
3532905,3.59660617738944,25,11,44.784060481988774,8.120800770185344,0.8327068850307281
86077,2.469214058249264,73,4,0.5461569005681889,1.1739929130343683,5.393100320435881
4337819,1.6460177992072302,75,15,11.993436029874518,2.9038829117810305,5.996215705072492
1265564,4.283922107416652,101,1,23.429830314773085,0.29176339923593597,10.359055690067743
1918327,0.6729185703304625,40,3,1.2977355292537682,0.019279979151776407,1.7310386641208801
135885,4.557928964609406,43,14,3.3389738015709627,9.693330385250661,1.8932680866519782
551656,2.5766485908113035,89,6,4.915669228352975,1.749751535946302,8.124014767787042
680688,3.3674066456372618,108,18,8.06893097533109,6.081898193187044,11.796398336372947
2295166,3.4670926499260224,26,1,27.35164457217787,0.6345907958432822,0.9401996318519776
4434507,4.5280298331794135,118,6,90.8367382393431,2.405417135675554,14.395968295300412
2061531,3.365013569752433,35,6,23.200186931862408,3.3669950726326823,1.3687367091736207
2802427,3.262701131420278,47,16,29.81734565426128,7.5540512113497575,2.4233775847589754
2930803,0.7999341825231048,91,5,2.117458771218593,0.3317396055320297,8.475715904006954
3367679,2.8328360987534182,120,17,28.299450895225817,4.406727102329549,14.731560613427256
4400020,1.1757605036766874,104,10,5.710832839414621,1.2303127830922798,11.350059211944778
2691719,3.818451959246685,83,18,41.20056124937132,7.518361952974684,7.172126027913695
900695,2.804998643657035,122,7,7.547651876696941,1.761839052799121,14.88150658164658
4204430,3.56102500643759,22,3,52.2471527113609,2.154342416204015,0.9018916571426564
848761,0.6875280527107293,48,13,0.6367573579388803,1.3325908377131463,2.31028946862765
510315,0.8815640722061144,46,15,0.7980071347400711,1.9567012225463478,2.1006415406882395
2424472,3.7234552462820703,9,19,33.408571511908,15.741366510426523,0.3223765796804692
1309445,0.8243795119940301,70,3,0.9063470114292939,0.04837327822281628,5.016731546566047
4945730,0.8206552749436637,36,4,2.9654475900021526,0.5926509465634393,1.7880129306455124
508716,0.5544881385569935,112,5,0.10524913419222544,0.20204738496263935,12.455602768615618
3151069,4.80425629234766,81,1,73.71131919267735,0.37756482896895377,6.6556316375111795
3331127,3.818787617565531,73,4,49.80662675292862,2.0637640183900476,5.688430350085856
2569272,2.089631338259289,58,12,11.881796385008322,3.3905009536192305,3.644724366001505
2286106,1.8344101157944488,82,10,7.176757960500861,2.014386000740516,7.011857197995478
2012324,2.073664533856323,84,13,8.449359562713191,2.907957172094997,7.202983051128104
4337021,3.985940890315318,17,14,69.74533001803056,13.066968714514653,0.7649289314168799
3334323,3.476167749816865,21,5,40.62373894567011,4.127160142630626,0.8272397226570422
3961416,1.3333800554036055,89,4,7.051738790563709,0.626553618768125,8.38584031691342
504592,1.2834920090033797,58,14,1.0980469944577558,2.419830413538549,3.522672388023959
3255886,0.942780423710288,125,10,2.8099109731047447,0.9575450913807728,16.064078748912824
3864261,3.4713622386560217,80,17,46.188743348987785,6.567636112965239,6.867764578588297
3588226,3.939676979997812,46,10,55.90842431169645,5.62652290409272,2.4937274317170273
2039454,1.692708927462518,35,7,5.78068292925948,2.095082803823576,1.4333341581780121
2437540,0.5942523246391076,10,16,0.7562889075545547,3.0621659446544687,0.3880131314526857
1725630,0.869772503643923,91,1,1.2866278006694074,-0.236724878822341,8.381961873695573
328408,4.855370156802637,77,17,7.344296812409921,9.131117410480867,6.076105785980688
478276,1.829501498648391,34,9,2.0721071982000705,2.919298288548611,1.2361297465900274
2164697,3.9615041652716014,124,6,34.30363813060469,2.131904616651823,15.499735391994061
521411,3.310986059844187,9,19,6.894645265692459,15.630051692585374,0.18239430511007232
2932808,2.218728378438032,100,13,14.427403943618883,2.9459034131934283,10.235418700397794
3127172,1.425592679879998,45,3,6.365624822682707,0.8214076556059751,2.1881776994619795
894377,1.046238881717329,10,7,1.2115305151306217,3.0520155416925796,0.26507798697516205
4245042,3.2675583561749,23,9,45.854709545033714,6.450943659183871,0.9625064495888254
