num_gates,clock_frequency,input_width,pipeline_stages,power,performance,area
1702743,2.291759121159245,85,8,9.34751482707045,2.1580088389905163,7.4127560768808785
4314572,2.918280213220653,112,2,37.15382078314197,0.4736228128355599,13.134547690490454
4936484,4.639350273857422,48,17,105.92364076979435,11.455557080786512,2.698867516541198
2244489,2.0585569746468257,96,9,9.97728485594629,1.6835018089970109,9.514830469850047
1580006,2.0612894085330247,126,12,7.030284593025648,2.5525389037135877,16.00589863527284
1146074,3.818755616493868,69,3,17.189353379296747,1.2232412017609184,4.84681809935587
4054887,2.534980734004132,121,11,26.4179275459353,2.2295367495098573,14.904726306581523
1249911,1.510721703229919,17,1,3.178358876709366,0.337186468242486,0.35469844669519773
4482471,2.53597782259712,28,13,28.53140789812996,6.090614129181812,1.2435021715008228
2148242,1.1338565917090992,43,15,3.0346197833156143,2.1752511920425177,2.2051076056769894
4533669,1.293741439278005,19,5,8.284236629640533,1.0178922559442214,0.9229595696322798
4991505,2.7426549773276587,98,17,38.34497051876655,4.709938935937253,9.973433637811514
1776891,2.3851645227704656,111,6,10.881717621605233,1.3100925735241984,12.553576984381897
4531373,4.61680655480645,9,11,97.73802677967201,16.978658051081705,0.44244883082814374
3354769,2.130772546024849,125,18,15.331575248430473,3.2725885533531427,16.00382587174485
801743,3.1126475762511956,20,4,7.427366305413938,2.6894663437291246,0.35173126255924003
113355,3.3451892956378866,60,3,1.403443339306581,1.3309372018520953,3.342856695288251
1272752,0.5589250546475013,39,13,0.5504890402369009,1.1543552362900977,1.5717760051243874
1406025,3.4859181740751977,102,9,18.456267382513467,3.298111289091414,10.43496225138486
1317371,1.3011618509138814,23,6,2.6799834612931734,1.8767656208245729,0.6739391922617557
927040,4.824816428612548,39,12,21.95051727254579,9.338736699330495,1.4051224141076712
2263882,1.1689822748890082,39,2,3.0459945425741064,0.32659137862088977,1.8904037636559878
3540409,2.365808556771607,105,3,20.231420474363908,0.6331156305173636,11.370028425900898
4859115,0.8840735063538974,18,3,4.325722198484578,0.5882174387611461,0.7400919466908391
4731339,4.985934133306763,17,12,117.56701703608553,14.69933904570305,0.8117503905597937
4852447,2.759877546490592,22,15,37.04507165327181,8.864425909372347,0.9132704526404518
1510942,3.179232577940197,24,9,15.252103040087134,5.707962327835072,0.6976162715700257
4270029,0.8018441482479237,47,8,3.4570081950472704,0.7201135566591211,2.5671311333577087
3285709,3.8748221167963,25,11,48.80326576710893,8.23042690551434,0.9348937085804708
94654,1.444575168930136,62,16,0.0,3.2877174648056213,3.8251807453822204
1964354,4.541244302483212,80,4,41.51907371878647,2.224507487545342,6.575539984477599
2426182,1.4231283821690321,32,1,6.014440698171212,0.3052827296756525,1.4179191266003988
3484675,1.3580947429864996,111,7,7.276955863612151,0.9852621360275062,12.744580584780584
2662991,0.664473505316427,66,2,1.5318681647546204,-0.06527021730701649,4.628028135445302
2438388,2.6243012529949965,85,5,17.553762690875256,1.7284644441380266,7.3967748328168055
538178,3.041785099681774,96,7,5.53659560459303,2.203330284736694,9.25803039354184
2673046,0.7956888774275857,121,4,1.9670406631040245,0.332940892106895,14.962445356887258
2596644,3.9898742751275478,29,5,42.1732917472673,3.8613307821915885,1.1317235258872702
2580406,2.5397997563661243,123,1,17.88993046535092,0.45099195102117484,15.377800756139663
3426664,2.8597562119741102,37,1,27.521313465113,0.27257488900465526,1.8049896448315634
3395659,2.4834323612220266,91,15,20.854846659698175,3.7034056355179503,8.54475736733128
3395357,2.303433773938967,92,19,17.885233201692525,4.732971398631972,8.787861492421774
2805513,3.0183814908869806,51,10,25.028732150250676,4.232788467240281,2.903777913244824
1475689,1.1985811066882062,39,18,1.928846134777708,3.685855453232071,1.6264750114307716
78148,1.31867658722872,58,3,0.7668442632062177,0.6388087122289033,3.4644753508044404
1835665,4.378035294560828,53,11,34.868405862751686,6.6347254059771625,2.987283699542523
2755683,4.757519579601348,120,15,62.2335075800597,6.7355141247609644,14.593828210309265
3407723,2.1798919232588885,127,11,16.166419416039545,1.9251122496005797,16.53989093260704
3013758,1.718351029145992,28,17,8.185663410439432,5.644117910089152,1.189827198624346
4066518,3.397997944575571,106,17,47.584079893401764,5.753252215374286,11.718606446957805
2679995,2.339303769941434,39,6,14.2829702251609,2.5344773591528815,1.7429918745866502
4460812,0.6142386004715519,101,5,1.7123598486272462,0.23906766189567275,10.69623541208773
4808669,1.2026866881478566,126,8,6.838844517142918,0.8705339125966385,16.2333325182854
1880928,3.721875029813289,46,2,26.809018866480262,1.2316692591095155,2.2748668238098233
4165299,3.465157738595681,120,16,50.19691471044725,5.1901124725767245,14.745800561936404
2567489,0.6219319662656757,19,12,1.0688024946260375,1.9444514989870985,0.5366231880862808
1783415,1.4988747286982724,112,6,4.359439915241985,0.9129271487960349,12.712607818133732
2315413,1.5398365846463213,54,1,5.321424524125393,0.45250462913740175,3.0877844364233034
3920197,3.5235173461942777,25,4,47.85239826907767,2.946920595281629,0.8968893650232167
281836,0.5886974198946386,28,17,0.4617984954993847,2.158287685183824,0.8751585878398674
3594702,0.9684886189305824,20,13,3.9280987951693174,3.2192981249587027,0.8561462462608946
2105505,4.0996223841793515,28,18,35.668895882914185,14.272394162463353,1.1700280544846584
2309435,1.3034509792445013,15,5,4.828131821829004,1.5843192753647002,0.3205416641501596
206769,3.437357485333436,53,3,2.3489477732572968,1.55720041119458,2.8455927945332107
2668505,1.5718225147102693,111,11,6.665209688040686,1.7531949782761445,12.440769991832674
1281741,0.9474862674170532,117,13,1.333398181446867,1.3624283022929655,13.872105664455823
3779315,1.5942748594975433,14,4,9.974556284431355,2.0238260735867803,0.5673171715126334
1056797,3.750201193350466,30,14,14.650162714372126,9.823562022843609,1.1227917631033926
3057262,4.350634106478286,115,11,58.648476261788666,4.430611745387345,13.530864165100798
1594398,4.235989390551462,103,10,28.408170136677857,4.396433674545117,10.876204930952914
2595031,2.2873258832830468,82,19,13.110457446839803,4.972791287288647,7.023913265500901
574685,3.5063831145679076,93,18,6.882499200880378,6.303509803231115,8.743817826940173
2889190,1.4224293293711945,29,6,5.688711535878755,1.9488207422131805,1.2251788394648906
1321736,1.8191647861745597,114,15,4.819832289271386,2.6603216922906867,13.261260318036717
1017293,4.5335111833450386,96,10,21.76761801905038,4.726948763697746,9.219703182370251
4784183,0.5585086557983121,29,5,3.0400096158525978,0.2979257171047446,1.2881640262899834
3376612,0.8847883888451064,99,5,1.9041122812789664,0.5523825263996545,10.153772243728481
33247,1.435488148157123,36,10,0.5038254325687265,2.0446671207076514,1.4106152667380933
2714238,0.6193949174321887,20,5,0.6504877793216136,0.6627035302753486,0.7645809268681065
2640708,1.316459457904088,89,3,4.824618175561993,0.4850217816811694,8.26498868199054
3504679,3.1236870243636146,9,6,34.43973566592017,6.1791524682174845,0.41482098717647714
1777640,2.3964104776662407,36,4,10.40121120411707,1.4184957664015603,1.573364865938867
2623740,4.517022699846387,92,18,54.09515658744504,8.491734327453171,8.845623655903147
1295160,4.178496027822984,86,9,22.913466035055347,4.018725131066854,7.477053123599603
1435472,2.038178082640442,59,17,6.256680581087599,4.57260916605333,3.5579187799490093
58984,1.6674054504408162,34,13,0.13313452813673382,3.585529329219752,1.0914115546184509
2410070,2.208615836752701,57,15,11.018724879300631,4.341892659421547,3.319785673391999
3275879,3.156327241316635,102,17,32.727859904257386,5.190351497618496,10.83677740572656
1514384,1.7062863837029432,86,13,4.049570828461386,2.239679427278514,7.509285986080843
2240919,3.3086700853211033,122,16,24.64719341431209,5.066697592814127,14.994235162695038
1762126,2.342352434860582,30,4,9.549075142103403,1.7770254047666028,1.1643309343042008
4340634,2.984212313833911,95,5,38.74949589524079,1.147248695909012,9.44405297784145
1747095,2.462569381108925,51,5,11.396922560569068,1.78058091143809,2.7993512862359933
2121138,1.8250959179386295,84,9,6.688156943506804,1.5590742950512704,7.26991796486341
4790450,4.768039881329705,29,17,108.33385273202065,15.208119673960729,1.2353803751133636
2119818,3.936226073718924,50,13,33.029979269202535,6.859510203675022,2.6726016131556496
2241785,1.1305092909490364,44,2,2.3221282722357497,-0.12352990709666395,2.2143627089336313
4493302,4.4081058915406075,68,13,88.43276844903127,7.175192382471219,5.141499268990381
2958089,2.6934403921228114,104,19,21.53477222771745,5.179335685027472,11.234194219857374
2735928,4.525485021023411,63,3,56.38566206229136,1.4736005266198609,4.192654370140863
3863339,4.099348651762918,10,10,65.81543765154609,12.948329829081207,0.15385832800889032
1853400,2.4134607701115502,70,2,10.230351662299618,0.4920377313602122,5.188922523841757
1089111,0.6011118874405283,125,13,0.33341227879834623,0.9098323930427682,15.68129486464525
1006107,1.7090481172322574,26,19,2.002872060212417,6.269954087099211,0.8111052001546285
3531441,2.937353965973901,30,17,30.690239385902842,8.865823600548623,1.2180244798196236
4555583,3.3506519892176625,36,14,52.60929302435069,7.571534209581837,1.817630639446375
1880230,1.6604945844494103,37,12,4.198550074234018,3.4485619022280902,1.4677904609811554
3757389,1.1271023333277086,46,12,5.027326285757512,1.7358809533973951,2.5208241800176707
4152807,4.257186065596846,115,11,75.30030205607181,4.22382148672367,13.684479300639502
4693874,4.929809813165985,118,7,114.44256102160902,3.252856739189939,14.374303268135664
3612279,2.865605820362086,32,4,29.788785834566816,2.115306602056351,1.350226054540886
2131690,1.2725567863173657,108,19,3.093371676707201,2.2201223900888594,11.996682917983344
3001650,1.7253829693371603,118,1,9.197532866601158,-0.010145313909511622,14.264321060838771
501234,0.5827580444636002,15,3,0.41342170729201244,0.5554022553747471,0.17733967996287145
1958260,4.614344629522246,113,13,41.877142724728216,5.5076875296995595,12.92876120879338
4343486,1.029879873005635,65,15,4.944831298364298,1.9753501115515277,4.696870295715716
1531101,3.094324139814141,23,2,15.408429007135709,1.4282005563303413,0.6679299375003913
4388368,1.733248493092427,79,11,12.729401256938589,2.0021531980700344,6.6536662932321775
4418324,2.9938010113210702,8,4,40.03966626399518,4.228407606435327,0.44021280451115563
3146729,3.431391747583389,115,19,37.08106475932281,6.065684035013277,13.628671656221709
907421,4.233838116682407,12,17,17.11388667228968,20.7363106795551,0.2302677819237402
132409,1.4288957229227144,10,3,0.0,1.743408020812487,0.0
2026716,0.5494812289631621,72,18,1.239119398095535,1.0925585188012155,5.326734950615968
2360770,1.1159853353096327,11,8,2.398231942620007,3.1738676417076164,0.3792261623278394
779598,4.550083888316473,111,19,16.65782226303147,8.382968629397292,12.333876527437004
3277824,4.432505349031318,106,5,64.87101648197596,2.1638821475309595,11.512567826765187
3341068,3.1883589597663873,103,7,34.89299064845693,2.155377520349509,10.787793594663118
3266415,3.20232587195144,71,8,33.57414620880279,3.090205021056065,5.27829217661124
884371,3.49266503545815,113,5,10.77605827360117,1.533559634939401,12.979560666006696
2842868,1.2891707538055233,105,17,4.618220322849146,2.42459651926948,11.247791756185167
3882998,4.614853756662319,114,5,83.38482418629916,2.0718547406632535,13.459708117029049
983548,2.384467362014329,96,4,5.2623155069346925,1.1220266201246734,9.325741740030969
3354014,2.2241233771227384,17,19,16.311098411180087,10.21590961819725,0.7777868941032176
1223475,2.835129673772769,28,2,9.982749321104626,0.9310326898778191,0.7858781717171888
3480495,0.7113468504877477,53,11,2.0526839060024464,1.1139900994094658,3.2265515695088225
2969034,1.2482751594023573,110,13,4.03381957984097,1.312786674668844,12.51159131992519
4584293,3.821151273918667,98,15,67.47780911362416,5.896598693949307,9.966160596789207
53585,0.8725940056630691,34,12,0.0,1.994035380139026,1.2651962654765148
3067213,3.214184492598747,73,11,31.37889787180282,3.8822361442809035,5.624862002928756
2549448,1.6040709935659443,48,7,6.237862429470908,1.4566585590762897,2.4338069753572613
119556,2.2518302631888947,119,5,0.6404882129317083,0.8011857603873775,14.063415509699077
1585557,1.7991218154681494,20,17,5.319071580512508,6.827990107764869,0.6070435681532131
4037419,2.100527224092271,16,9,17.02395085335603,4.728162376173563,0.8673056542165838
4404539,3.7357065733291046,123,14,61.74231554608905,4.88067225499219,15.651054584877441
2133091,1.8370477203042876,43,12,7.711429106505609,3.3950981491615586,2.118917698274421
2019021,3.048820881336037,93,6,19.401070752959093,2.023977193561419,8.739160282648662
1211482,2.6422268098959485,113,17,7.904374410562214,3.914799719738994,12.863132200761735
552335,3.4865202441319165,97,19,7.351142555568794,6.505165167623819,9.556630545858441
3443977,4.715733826961411,65,19,76.64494682827194,11.014830036550892,4.4857870004120395
4280070,3.796574437446126,61,16,60.983630364415106,7.823487552144397,4.320273771283857
3570920,1.4672317036584055,19,12,7.685110561792309,3.669146128296402,0.7961262811616445
2494413,0.6403241077757811,88,12,0.26789618033162477,0.5772984714675446,7.969607482768643
2917360,1.680188199349213,85,6,8.440639475596234,0.8917191856856191,7.489004394343403
2792592,3.1778506881511466,21,4,28.626362625291396,2.944291267574963,0.8454048421814264
2245000,0.7314161606791265,41,6,2.186304140964914,0.8473459442485055,1.8838263485595759
4332252,2.7336481124055636,60,11,32.968967170620665,3.975380238505002,4.083861897752626
412690,3.1857928201260015,27,1,4.363230466865002,0.4306952936632601,0.667459359217807
4703350,2.004097508676324,82,15,19.00784393216368,3.349515209458141,7.1263909077068295
2558421,3.9691049168561987,23,11,40.60889737990788,9.51992462757041,0.6104090280721742
4226263,0.9796921391019731,122,19,4.468897907310423,1.6720510912280093,15.351691855533465
3816618,0.8381200178111394,102,18,2.552895749498022,1.4645404804300457,10.79861184510081
1964109,3.776849402916215,126,17,28.34397845723778,5.415856020850342,16.049019396935552
4432880,2.729710922927893,77,19,32.53468596531957,6.041147798671689,6.185733489892188
3122754,3.597810783924812,63,14,41.16407411599459,6.431854332394958,4.32461426157339
1394250,2.456723023716858,90,18,7.555729303487552,4.595584313454368,8.354781342865985
4035717,1.6088091495759806,108,19,10.361860045820984,2.725734489351604,12.003904690499429
71087,4.185960429533899,65,15,1.4850538485817448,7.617793273109931,4.355490423208929
1506176,4.097371455360406,11,15,25.300602070576765,18.419945781514382,0.14148324731644207
1896013,3.6261341188449205,118,4,25.60089510002152,1.4275840713037673,14.03438040938153
4644096,1.724653117534832,11,7,12.715037592580117,3.7221698007022903,0.5667292608738997
49353,3.156038000910892,27,13,0.7461329105636232,8.28737226078849,0.731252115629094
3370011,2.1243825362301205,17,3,14.988358747714468,1.3162509451928597,0.5947589208504951
4269622,0.9121193299698537,31,16,3.6623262324117065,2.631804968018874,1.5603087340067103
4969617,4.627911089580093,125,9,107.26600717674741,3.6984363901439923,16.051305642116652
426880,1.1156838391353263,106,8,0.7837579319321412,0.685516720173563,11.296671107953792
4975050,4.776068092193611,33,13,113.88761919763373,10.764997151705964,1.5234763555934856
823168,2.507025978310801,44,17,4.19311915711968,6.653889920984997,2.058646839024528
235281,1.3330981797737884,109,17,0.7789461496257317,1.858419544369811,12.042511969974006
3127697,2.9385542632026116,92,17,27.04741854481016,5.150453762576301,8.669841014458118
3792875,4.428256261443837,61,1,73.7529567746323,0.7984493776032929,4.228947236939763
3005765,3.7950119888430254,111,8,43.62865844018563,2.7457758645882913,12.583872083086574
279536,4.129525165376524,110,19,5.04826155695304,7.240988792980074,12.098728078455615
4382093,3.464525150198228,28,6,52.77213302425496,4.132033717395411,1.2236337164013713
1571729,3.615244540330336,81,3,20.047446116993036,1.2757910860831807,6.692579843833024
2232809,4.321380432043936,45,5,42.57637646588961,3.5068583613046855,2.3947263312267295
691669,1.6235060398663368,53,13,1.6296335400859987,3.2970451823993683,2.913261150489571
3874822,2.702412336394132,11,15,29.142367487854926,12.121595734479603,0.47862252623903734
1129043,1.49544248818821,67,14,2.763541643874055,2.5881388118054858,4.727385494346917
3339462,4.944506035984912,64,16,81.84561802697782,10.121935070031894,4.503169650713265
2216903,4.74826702858976,52,18,50.12439699104019,11.983326259694827,2.8783637953166954
1751093,0.6774206511582765,27,11,1.9980676264829222,0.9011998518882,0.9714036204495039
2568231,3.675088276320598,24,3,33.89343533115762,2.2053914185238903,0.8242622910528754
4310385,4.663617428370496,126,10,95.09040766997252,4.016250176620375,16.43783969156618
3090389,1.3125890530730009,78,10,4.838373998989418,1.755548384815134,6.3456043558096535
1671909,3.0557535374868325,11,16,15.683597652307284,14.67423399195252,0.41642724741156045
2666138,4.619697339146188,100,12,57.90669974198333,5.63233715109233,10.151426961541322
120078,0.6527569036360947,21,2,0.0,0.07917116359567006,0.22819351132078367
1925631,3.6383912026107796,10,9,26.15923536761228,10.28947819180377,0.2587137035707702
1414104,1.8380705331764784,95,3,5.700522826599551,0.4705484525161317,9.082363306431407
2018187,4.6597828791943865,108,15,44.21444151862593,6.499283438794842,11.900254276928797
1669066,4.869762103244155,87,3,39.818342356844354,1.464825615651074,7.676516282797969
4183125,4.749199201010453,65,19,94.60742419460006,11.208943810867606,4.591314991159248
2158815,2.633963974958587,62,18,14.963076583607542,6.004943102642138,4.041639686446046
4034066,4.379191929451911,123,8,77.91756106038532,3.0235333490843748,15.63286589091265
4516259,4.300472293407816,11,17,83.62139299577551,21.94213076901679,0.6070643217378535
4145314,1.9359521295946505,127,8,15.745748101292808,1.0275385083943072,16.577626669022166
920681,4.230119633678048,31,7,16.096665507612617,5.505148957559216,1.0288931361106552
1617618,0.6665343562197168,41,7,1.1367190486045502,0.6026225342323122,1.8497547267140642
3906830,3.1832144531692386,37,3,40.31053967355702,1.516148388147434,1.7006012901264194
4346787,1.5350397677946637,89,1,10.706777738921852,0.289846209308972,8.300803786658518
2765423,1.0425509859977546,26,4,2.0405488034287873,0.6958396847338595,1.0202782521686422
2043350,0.8462894073314412,38,5,1.1086009444272134,0.6842437843228468,1.5825865062033655
2321987,3.633299491451629,67,1,29.929684855237653,0.30878194464270625,4.78851190206897
4606200,2.0294373369562977,67,15,17.923514641460322,3.769461947273475,4.831013076860058
4681399,3.7614504718794266,26,5,66.63733768525086,3.831269432468189,1.1269451065088725
81295,0.7941035335952407,56,13,0.01220037980277687,1.218242588444846,3.0095711599895036
753974,1.9188065202377464,70,8,3.7601583027320884,1.6617156735781973,5.132177013119647
3455376,2.9277108156890175,117,8,29.53131511915373,2.270373763338777,13.920756884034637
3622600,4.058254241775336,90,5,60.289588418699864,2.0737703165776606,8.431008383932431
835816,1.9343862631943147,29,9,3.4895070660216043,3.139030328764388,0.7817667504554903
384705,3.316511193966541,31,1,4.715029753386843,0.3664828766710748,1.051122228439791
3727270,4.486899867062842,116,4,76.04578621459834,1.5912939990911636,13.946962284409178
1866926,3.2713843468203705,83,3,20.492475811814472,0.9380709618828282,7.215835500226607
1668845,1.548317636391352,37,2,3.4873531048886743,0.43374361691881236,1.515253019638067
2036793,0.6098035170044211,65,8,1.1004515949141478,0.828181198541901,4.5339584556902714
564594,4.415444932554184,109,9,11.601469202047282,3.7502524747195247,11.754860975837238
157718,0.5957123488267422,124,2,0.0,0.46032419419039367,15.208164601249745
4849567,4.4361575270788975,38,14,95.21475142821193,10.30387815404737,1.9499280299197366
3514473,2.8802171031224537,107,14,29.928445680024872,4.006741028200756,11.947405553736088
2214664,4.725804643308033,71,4,49.94424520950289,2.3760888541844296,5.190041746794166
4351747,4.094524560981494,26,6,73.35783431598732,4.7387887731705165,1.0658641132019289
1529163,4.990703497400019,55,11,38.80999892947963,7.582734220604084,3.346760515574613
4577920,2.0782031695326957,52,3,20.69170692191728,1.0480478117235146,2.989747438976329
696976,3.952347300190071,107,8,12.225038026794696,3.2402962161131574,11.442111590991368
2482189,2.3086891112415895,101,3,13.82811227009085,0.4817163097029228,10.511081912010974
3151259,2.6594402913675896,62,14,21.795816099011287,4.5668458847861775,4.230118812920052
127796,3.323774584482665,120,13,2.3484197547486954,4.009517723184381,14.384162736331204
1251082,4.431547013838524,62,13,23.788132912044524,7.274687216412225,4.022456707682453
4902680,4.928375611396828,104,2,119.43500494389924,0.9620183891975471,11.287706253208208
4902306,3.957230362390332,25,13,76.70788234512344,10.303974420206826,1.087961141784754
4124639,2.379950519753002,70,19,24.252775015272086,4.9634276353404445,5.2578796414028925
2698130,2.396106510246816,123,6,15.351038011425322,1.3401200090379835,15.40652747858831
3684515,3.8191203571500116,120,16,55.01214885302133,5.968410728161553,14.691143154442953
1589159,1.5744971559573604,99,2,4.095916034875568,0.35574671973591676,9.880134525166266
917317,0.997133509091276,54,8,1.2809018032108295,1.0376399941156675,2.900968214939902
2495367,2.0957997093834946,82,17,10.994362598703585,3.734985209777336,7.077201382941926
4525488,1.7925754624433679,64,2,15.60757627883312,0.49710774038974986,4.559676476805327
678234,1.8333865420519553,125,10,2.5861428589746893,1.8762775806122423,15.808893300359719
388480,1.5512348797245947,52,16,0.95924837270934,3.492399154174428,2.808112640717708
801971,0.6894193533636285,40,6,0.0,0.8965622733729509,1.8536802891227229
511157,0.5804327063003621,24,2,0.7688563176683606,-0.01215812224647464,0.4301156544581126
4388727,4.944750753812142,77,2,108.04213805796043,0.9749754029149045,6.396586035412299
4134499,2.4249791018113807,11,13,25.108568256635625,9.373672189001967,0.49669443435910404
2623501,2.2294699122185673,27,15,13.240263575231566,6.176423341851359,0.9155644803994124
2931944,3.5584127721188143,119,2,37.56123865415017,0.5923073542379114,14.515035175379921
4337576,1.4821424953927886,54,7,10.99227986341121,1.4316859944755078,3.2655864053961987
4972140,4.774825327776014,98,3,114.53695867382334,1.129226891329541,9.962323182897089
3093153,4.038552564869985,22,8,50.24113364468768,6.831601054856624,0.7314080263482791
2809487,0.9023495104051678,77,14,2.3427063831088493,1.4946001657830987,6.316844653527514
2914941,2.379113491032178,54,7,16.673859939119424,2.153905120038912,3.308958638643941
2110021,4.456032384029741,85,7,41.86765591736517,3.056751458790689,7.556597701790455
4985778,4.7512941003113465,82,1,113.51355213348157,0.3662329798869758,7.182667914617907
1370828,2.6033068006244138,110,17,9.11998413072154,4.2849894361438485,12.410287729136808
628467,3.2603512514481845,16,9,7.085041775693607,7.5429352442750215,0.4008195331691012
2145619,1.2516527574143386,97,13,3.4840517609541646,1.8687871630977024,9.69806495629128
3965488,4.960258817616395,23,19,98.403239931284,19.559513969375352,0.7517376360454614
4684351,1.5425226562254952,76,19,11.787590253371155,3.4318040924256437,6.214830489967876
1717923,4.742292983608065,123,17,39.099884782844775,7.780105954607302,15.236572834746573
138391,3.423409920465658,68,10,1.4290461344814531,4.168551170777277,4.755888187797296
1027026,3.234815576954866,17,10,11.942025598866493,7.97705317101806,0.2646617256020569
4311754,2.807098299574289,57,4,35.1215996307172,1.483343271083944,3.596404456810503
2279042,1.538014152729914,10,8,4.867529353434387,4.058167980827575,0.35178713861864136
1993509,1.2943761440247872,84,18,3.623009405283947,2.799404905702379,7.1751354408490355
126381,1.4921879408157892,114,14,1.135989814648171,1.8527554104551838,13.225038837391237
1531701,1.3389721796491454,120,18,3.207950943195158,2.0161080940418143,14.350628291667952
1630197,4.00813013105039,101,14,26.999972980801076,5.508697905836889,10.348463130547817
2241660,2.0755636662502854,125,15,10.301035237147204,2.9867436348687253,15.97153703406693
1788226,0.7602920445352837,116,4,0.5348465203717901,0.5675443265715212,13.576918066383184
1209386,4.860961835633651,77,13,27.82399037934875,6.9657660988104295,6.0717411092132565
3448618,4.477036482335416,88,8,69.02897352023693,3.800420646901243,8.122687048752917
2024484,4.674885274378458,116,18,44.69758550668782,7.7140687501103065,13.533378793701177
2947629,4.977085201908959,58,12,73.3176723765279,7.429288169301981,3.5901630958280575
2467184,1.2825286214876928,124,14,3.754762285787386,1.5645672126401795,15.601385420069073
3153963,2.2830890850619645,26,2,16.979557450702895,1.2121966705269704,0.879618415976303
4113022,3.912073140668411,49,18,64.1368973603894,9.90375752752877,2.8295548782923094
1428175,3.632092781242065,42,2,19.248803911905767,1.6098047175540653,1.8525892662237335
3816688,1.1925315785293478,53,11,4.593767648743779,2.0999508057261234,3.1073314441204567
4934207,4.17124906245778,33,9,85.80959725611761,6.311541402015239,1.546550322695108
3782962,1.509982573264973,122,12,8.390554670661757,1.775777148679909,15.270375362972198
4201423,1.5071792667018038,76,17,9.319625751893932,3.138224814463346,6.22164197506746
4051776,2.916384903020361,100,15,33.83168843487153,4.558518017347403,10.423664388385264
2737423,3.168229706787664,71,17,28.399385214393554,6.416778223701361,5.235571364943241
1770427,3.1103879352701505,44,18,17.164528620535204,8.601139102871958,2.0359689940299135
4328427,0.9116907682898969,91,6,3.4611176668761106,0.5290892489067796,8.598905538978414
3461356,4.448573881836712,56,17,68.37223456113473,10.140426771751098,3.602383374765301
1141565,1.6952001916491772,28,18,3.488358650330744,5.757356771862597,0.815029422604769
3454084,1.0828171457726188,81,8,4.6859776065300975,1.0492052295650296,6.835735423648076
2937109,4.499366359410397,71,9,60.229388026804614,4.9177043342605335,5.253357865063377
4382578,4.80043174203389,12,6,101.00027856382827,8.216037129820485,0.8456115940031605
2519079,4.379574277694528,107,5,49.05261204310548,2.1542995413362007,11.748174205607672
2897004,4.142822336261951,77,12,50.730991373678776,5.648745030435619,6.159709470213425
1941760,3.4485889128755978,97,11,23.85065105647654,3.816673767391348,9.49618646709195
141373,2.978858167741127,11,1,0.6550111089450167,1.204018841629987,0.14830175669192844
125294,0.8914404196013457,110,11,0.0,0.8880836174859913,12.193273871800836
3142514,2.338039458818144,46,19,17.141075182971854,6.259893170298717,2.4628354852147925
4852611,2.177098326555413,121,9,23.86870036107776,2.009555130776152,15.070328106186276
4345868,1.668892026921468,42,2,12.808993943711828,0.5576212556923409,2.322701534387873
1436388,3.755390511598632,8,12,20.575406123410005,15.62845321200353,0.38231269375083465
3861424,2.7314408078544687,31,4,28.920158628634706,2.077683769834603,1.2127379371528157
2225167,0.8647079715844157,64,4,1.9722061538103848,0.6529395323407399,4.5120487336598405
3896402,1.490824408774151,107,18,9.521495276954749,2.7050667792886274,11.684202464665162
699944,3.574664436468182,77,15,9.286928059555363,5.992060384402627,6.022492187481625
698105,0.8425888677063509,48,19,0.0,2.268693938977227,2.3220921916193933
2620910,4.3304311132194595,61,13,49.14033811753024,7.1002663133142105,3.9695055283611755
1999173,2.7281593715628842,53,19,15.16914169961828,6.620389969001508,2.771274014366214
3090761,2.662639597969916,67,17,21.923163759083618,5.490430594545246,4.816987221660393
1424466,3.165835030967829,115,6,14.277561636729347,1.7731868718884105,13.380098920501805
455101,4.211064346663171,67,16,7.9867969360904665,8.434105426436014,4.552208731145506
1115534,2.0651414355598687,64,12,5.164389208678869,3.1114812995965737,4.417920710306172
3237802,3.551072686515786,38,19,41.26410206772181,10.847542433917843,1.84987688843684
1593593,3.04579383798106,91,5,14.242404103418355,1.6203498006017212,8.4722753290092
1813649,1.701627215762396,31,17,5.371445310981139,5.1288058162399714,1.0411375643162986
1234665,4.453834938598211,96,1,24.52460676222725,0.4749826081722128,9.228114576757202
2304544,4.088417097231177,43,10,39.58269443456471,5.706598086642579,2.0471106132455397
4363127,3.4630332559629147,92,15,52.700527824319565,5.517176812271191,8.808720227273758
508863,4.327617780924088,37,11,10.258495790878278,7.547249578151771,1.363273441139243
377654,4.402823904319111,31,13,7.768930607354327,10.488054435335746,0.8583652703618901
2686188,3.6876333952176568,115,5,38.275599974499244,1.539869623400567,13.362400552247221
3305990,4.266559977636524,113,1,60.914280233416,0.33170551000100174,13.049993768746026
1502785,3.6386215775117763,37,12,20.3298736977056,6.872769292278731,1.3490650600025298
807079,3.560633472921352,93,11,10.265764159047412,4.277005753356309,8.674302370658722
4868380,3.2837512019683293,99,17,53.62221814349629,5.850702979832183,10.31613261845075
4052787,3.8872248780093854,14,4,61.4643909610325,4.212018718962015,0.61725047286821
3938083,1.2137229738188315,42,15,5.6706379597658705,2.7591852451515386,2.0508122843407417
2709015,4.4639184163951775,62,9,53.154012150566395,5.3230779740625005,4.13062734367853
3424527,4.423295874853544,99,19,67.44565387397594,8.526291106956567,10.060612954520636
1296125,0.6316127736555162,21,19,0.03170199420640929,2.5620179926153623,0.7074223481763813
3750047,4.216175377541433,127,12,66.61362479023737,3.9640877279599644,16.45186459081813
458982,1.0799144036305033,17,5,1.125480250805564,0.9630797694804437,0.2168698396177128
1182622,2.0080348441661386,87,10,5.076045484204807,2.6668207339166417,7.5514410331473805
2513771,3.845787153312235,23,17,36.57055730579415,13.700074606406986,0.9008445439993704
3187825,1.2234195322173869,61,5,4.534473364689337,0.4589352675459528,4.083157422088635
1006161,4.18085160853578,102,16,18.322679059101716,6.979186941694496,10.570310811232428
4193839,4.244603800809839,113,7,76.45335060520021,2.742662132635923,13.432534334216946
676326,2.783604801923763,96,9,5.309537100912548,2.4345198545704925,9.464584091851862
659150,0.5287364227257512,84,3,0.0,-0.19641205691837418,7.1338706924598485
3385957,1.7916715992871075,77,15,11.007807405038296,3.0171213279066706,6.366988675712165
128834,3.27617113269084,51,16,1.0973952597700003,7.352924927484085,2.5778728047361814
3249576,4.915337801123406,80,18,78.46094722490625,9.879558493325513,6.810217180329511
3208649,3.343160871575008,52,14,37.0977146790535,6.60646576674287,2.773781399859855
4489125,1.669116114788719,107,3,12.666296911399272,0.494039193966682,11.991533400957996
4259913,3.353025663948251,63,12,48.19811514530494,5.319916095702874,4.434158361561527
4432201,2.92993420872135,114,9,39.16260514162572,2.3819721438709696,13.453654446729669
1089600,4.009304278180146,91,7,18.293665315277973,2.8275862023757052,8.310958719791893
1035715,0.9814128747213129,89,9,0.7711405871789401,0.7864228865362007,8.076827692087534
1448533,3.924625561259126,114,13,21.842601963431736,4.4672791961164,13.327127949235726
2291230,2.935699604042496,64,18,19.57371762098616,6.645327079329967,4.176208358210087
3513157,4.8334640173654755,28,5,82.25858831153977,4.423392866795229,0.9790067501839586
471243,2.0384247471740875,75,13,2.780739419353748,3.2964143443219354,5.6613888209285985
2068852,3.3467985191027667,57,4,23.86421309253161,2.153835709997026,3.531292793315809
3269360,4.694126474795079,40,2,72.46757503348219,1.524203067821604,1.991885736485924
1995588,0.9612937759580567,98,16,1.7579414744775228,1.4983581923216847,9.848647937521253
261451,4.71752819256403,14,9,5.648623853832928,11.274152056955137,0.22216376646349734
4207355,3.59548575035366,77,9,55.243712751537124,3.4611599081525233,6.425653350270527
1762683,0.8052667659732735,22,6,1.557233912160038,1.1872631100365674,0.5795936619790512
1014646,1.854336051260673,89,11,2.8087184736612163,2.2740916059535303,8.041218478441397
981525,3.686774398903767,39,1,13.98726014382213,0.4502490123904124,1.6951643376256365
3877500,0.8030777066094726,127,4,3.1303277454121208,0.2659845480008817,16.558442950326484
4393711,3.11976707079323,82,13,43.21185856197598,4.314474396328823,7.21648076022846
459395,2.0564737562883053,27,13,2.810894148601723,5.149432052931161,0.6288470061348342
1270386,3.294119829953647,95,13,13.755873018113054,4.037718435348607,9.281064712904607
3064390,0.7058391521563079,22,2,1.9244875072939633,0.20069697140955944,0.6486330078031062
3389569,4.421915627685693,55,9,66.10484559607929,5.23860344127813,3.3748976599020057
2910603,4.880700361298286,78,8,69.75353531392028,4.6893303387861645,6.305784814230196
2977197,4.8599503487856115,28,7,69.70145012666833,6.197714308475714,1.07941721455535
232866,3.873433242843161,49,4,3.3196607536404525,2.154988715379201,2.378883241968056
1145248,1.085388080587844,33,18,1.8819162360758677,3.2835594942592827,1.165790592305219
1656711,3.9121843816806017,115,3,26.165114051826922,0.9814428417855309,13.432992337445702
1433286,0.6106411240646068,127,6,0.7783414387632549,0.3534669976057569,16.158888961729353
3705961,0.5995559818804876,21,12,1.9608498619173698,2.0141428566485695,0.8124789138267395
3187945,1.9562459861729355,64,12,11.803163793655864,2.9401895209244078,4.5137805140586
3423821,2.698894356820996,44,8,24.751174957873662,3.2292092287701104,2.312447513641214
193062,3.9668333801350695,65,1,3.8974467570603055,0.6471098720825409,4.325992996953226
2501518,3.5748291947292734,28,4,31.855269502761185,2.7827006564024845,0.9619554672874872
2851992,2.5065621786953676,89,11,18.565596302574473,3.152889583230457,8.261535556877263
4304539,1.7313199982674965,76,3,12.850896964497391,0.5550426463426565,6.387105521066201
3230468,4.9870602507097,10,13,80.2200418203233,20.711608820443015,0.4569359598218521
4954505,2.417815860061878,94,17,29.025117935858272,3.9705074954419226,9.352610538058851
813328,2.5312416094835397,97,10,5.503223087380243,2.9313933955076292,9.40431353045775
4072958,1.2363071953625113,44,12,7.428316792595377,2.312325974608807,2.381078722122216
1053233,4.076642969374682,95,15,17.595943094484007,6.336762415148743,9.177628392823323
1721741,3.621570016016699,56,10,23.25442945646679,4.643862059248719,3.448852185578804
539525,1.4934632575494218,26,14,1.4243119020350612,4.222137167642112,0.7078582738495239
186615,0.8707147052712921,122,13,0.0,1.0393453960957224,14.921391054982323
4391932,3.562246859336209,96,5,55.38163367210453,1.9765085692008655,9.75484566338966
2745988,3.4453004642651086,92,6,32.547874553431875,1.9506673526160019,8.70830266231257
4611020,1.729667871491942,19,2,13.840034683561537,0.7407918461982459,0.8160102167229215
3709391,4.778886030126847,68,17,85.1515536740811,9.5782721497557,4.869609537269674
551252,1.1797605130140512,48,4,0.0,0.8696440954586478,2.360647902061745
1696293,2.4455066046917087,40,14,10.76783044805839,5.185812033505291,1.7720700339533162
3622610,4.746271640754195,57,10,81.98582849913012,6.174233864633123,3.455918220153321
2174367,2.38877292616755,124,3,13.576894965286213,0.9234110925705687,15.555243472827463
1914050,3.373366764488385,75,3,22.28954607941057,1.0716103904602448,5.7168646396975245
154356,2.289174790832574,113,15,1.982682526537407,2.8991379693896278,12.755885230302889
4408165,1.7339684105690152,78,6,13.431805092845812,1.508246881269159,6.614475365423603
3109320,4.927899415819227,93,17,75.13119565644577,8.686439157974357,8.962038019836436
365612,2.3420030284176936,126,12,2.1874970581481414,2.627668373256347,15.7716505072244
3610333,4.523446416556105,40,11,73.85079221763579,7.963180202166859,2.0289908685160642
19435,1.5347957265098877,88,4,0.255952806303735,0.5967606566428154,7.733949372637353
4651860,1.4589711681128748,31,6,10.317966300215781,1.579013900608709,1.322001245455947
1758014,0.6401033729803012,68,1,0.14719340644393575,-0.22030354846040073,4.945359481848935
3731309,3.432500714191483,68,16,44.60125178483082,6.638732072596616,4.951751651483591
4283085,2.1583685467569254,105,15,19.89414980886799,3.378175454861297,11.643751850817475
2298627,4.389612124278367,35,17,44.144181628404716,12.84134093983307,1.4576639915358889
774121,2.629444580112007,65,8,5.41775561529427,2.9099825414557885,4.301395527925722
1179748,4.856870425616248,50,12,28.22152585579105,8.292037218496631,2.4554148633340547
3512630,1.3348648206640452,48,10,6.468308342262201,1.8141730039673236,2.5131476859854383
2592115,4.4088042558002485,46,15,50.33011424613801,9.645563082760972,2.4781997539130334
1117677,3.994685837562838,93,9,17.675858401358916,3.5700971364489207,8.784306526054802
298790,3.969148300898234,56,2,4.266754382266406,0.9289981525861845,2.999431326466678
2654489,4.301524526525995,24,5,49.68005291263634,4.329952461768501,0.8398571154997758
1418836,3.924607959243495,105,6,22.72437807010591,2.153561339501295,11.1356848991352
1651249,3.3179914473413694,77,7,17.90673262042124,2.435140781991034,6.002066610599413
4854723,1.0906019495707442,117,1,5.655723998627758,0.023867079070471794,14.203335515089838
3703305,0.6463678077106336,77,7,1.1520706160860779,0.5795496709850888,6.347830629152322
4476271,4.643815315170591,105,12,96.78576620728573,5.277334731317718,11.481135003198
4395536,3.2749264153433213,72,16,47.27868824595102,6.2193308356579475,5.780540243625997
1362695,4.084417809392793,81,16,23.099873244994644,7.133341104442272,6.608180538805794
2116692,2.666850581806475,92,11,14.874457731889303,2.76586906401508,8.768943560834558
1599228,1.0278868503307752,12,4,0.5857617781956534,1.2845224630137606,0.21711640933247697
3553555,1.063336064911477,9,13,3.772613731065778,4.428192086307522,0.5809419659642031
2659103,3.5850437925303713,29,7,34.28904906834739,4.818157141042846,1.2369629858596007
1110567,2.436376527047582,119,4,6.964280161888367,0.6542443260446902,14.249992424988424
2295903,1.4023612701515153,64,15,4.23528928776494,2.5287265491566315,4.316127920735071
3842065,2.712175460336466,73,19,28.394640506417105,6.113708250428553,5.768936929378048
4823296,0.7889402168381034,81,9,2.9998796166097,0.869634000459687,6.988393614506456
59115,3.1188713086147946,105,11,1.5610041825427037,3.2349751537101628,11.150630148462243
3347690,1.7104703199579396,23,8,9.096473081121472,2.777180280742207,0.8306711826386395
731747,4.089015952867347,119,1,12.861036293517637,0.5472028384755523,14.109235179694046
4740530,1.896628815156082,58,8,16.609451554871633,1.7119348998736101,3.970071419719842
3059851,2.548490670868105,46,13,20.14046769683367,4.66793360512747,2.377675612604393
2833100,0.5522924295864529,93,4,1.5068156828715755,0.17345638227633492,8.898591186220884
2994626,0.826010995075515,83,8,1.7219264022994067,0.5203334221787407,7.306794981044316
1414330,2.266221003830082,95,3,8.316197890171175,0.5004892267336358,9.306927232921812
261492,2.659724756227056,118,9,1.9208827261824781,2.310357190134367,14.09117058048144
4045851,3.2000924665368666,47,2,41.509974599983835,0.8679745367942812,2.6936931963788187
501072,1.8124816041918645,45,2,1.172851652451719,0.769789885560203,2.089388139244258
1096880,3.6274184875694413,67,13,14.388389682508736,5.64024259330075,4.4603417488171635
4709303,4.370550787351421,66,15,89.97763018435974,8.016856639840865,4.720800946828851
4535897,4.009329450020074,17,12,72.95991230574296,11.763446106551447,0.7212424864000581
2065723,0.6782847140676072,106,4,1.3540385903141694,0.10209534477489518,11.542910576421994
2258988,2.66228126266023,71,8,16.26185236673309,2.8366886911336153,5.508320531223874
4313244,0.9721858028817869,122,9,3.9610268871936705,0.7063453272223353,15.290700187805127
1324093,1.5892025713813736,70,5,3.753677994872017,1.2149241837664189,4.96712845158302
2774673,4.939981669702159,56,18,68.18056862791953,11.855205266651744,3.475278210254059
2986242,1.1412299430568096,71,11,4.726155022687681,1.4417641931349778,5.1726374333326275
4590081,2.744996690531102,39,15,35.066797399336735,6.426727740116202,1.9656965263036223
2658790,3.281700804431536,14,9,29.07435811357791,7.953121863902592,0.4517069974446955
3773024,3.6610923674484677,28,17,50.388364116034246,11.182005446001494,1.2311344815756202
2656791,3.0184190756911136,27,12,24.16185562173389,7.2734075191806085,1.034481902996187
2720108,0.5439688133863265,33,7,0.5529738722263251,0.876223729306267,1.476123740595819
4843177,1.9690758870979634,75,10,18.81742050878592,2.512421960056266,6.053786894461395
3363597,2.8297023952312013,117,10,27.344945588762528,2.7303424673666696,14.103837858401418
75953,0.8953992461517501,123,13,0.48308957537423314,0.9830291683942513,15.245965064069145
3999618,2.0778211904413135,93,19,17.400638082722075,3.9799349166172897,8.993528003268668
2607480,0.6494139895611495,22,11,2.0850560852897937,1.3746141200253228,0.8739115226760447
4207571,0.8536032371975933,127,13,2.607772428728397,1.0822665946965742,16.579465445149083
2932097,2.2861547429071822,111,8,16.389791874137995,1.6050572639725778,12.521143278203962
167164,1.0972208931937715,92,8,0.24473681753822013,1.2481058523900084,8.392300552005624
4739930,3.0539338171770116,86,4,43.17584287731741,1.329210178218495,7.964945291796101
2238636,3.6025923611176958,93,15,28.884159868696617,5.773157816096472,8.769272501498754
541831,4.102640145990873,123,11,9.552358563001567,4.219685108825496,15.064436559826156
2999475,1.4006760991016454,99,11,6.115174209242984,1.791500393438052,10.148340909921135
3216420,1.253671620165814,21,1,4.721337366459919,0.5773172465446812,0.828481251192249
3375884,0.9705552815048011,34,17,2.2844818340590645,3.002479301818112,1.4364509747582723
3379720,3.363936122946365,112,15,38.7216780097546,4.9695320906566245,12.827011541533517
4721075,3.679140769191055,47,6,63.25555708544266,3.521056060486829,2.797565847120195
2650328,0.6421376517153892,65,15,1.0924492124795069,1.3653948883022613,4.453094126793632
701095,4.712955108096605,35,9,15.78702269352429,7.140855722986866,1.2622150914642698
843727,0.7338707764316259,33,14,0.6596719681870182,1.5468712987693582,1.1482146169234422
1172928,2.935833508854817,120,18,10.620945054261522,5.191686855230305,14.40053937846873
2193151,3.6907723375291237,70,17,30.394995865662946,7.625268125488705,4.931643226931727
3173683,4.419361056857385,73,18,62.51409544277722,9.486504599229619,5.705233567938243
3980001,3.7133911945959253,32,5,54.95868985319305,3.3488531259259773,1.438984569724903
80640,4.107776373814064,127,9,1.038564318409839,3.3192199590275595,16.100356959401836
4400886,2.0275258664426272,10,11,17.760395408147946,7.549753718868893,0.6653501719619558
2010991,4.166713011859305,79,1,34.667999161254244,0.5381190789405614,6.587901627556433
4132263,0.8605168087310382,51,18,2.357482812806067,2.1843328169087743,3.0266335725719493
4604877,4.526674952272375,104,6,94.19167748594975,2.7391720509218915,11.388112339051814
4265780,2.964165692691813,49,2,38.37979796385268,0.7970316633010432,3.0777425035135115
1365531,4.177839964831222,123,15,23.32084254053804,5.721790494145441,15.124323668007014
685510,2.535432280332351,106,14,4.7219911740398794,3.3432999903704665,11.355238745639056
3751196,3.3960996283843623,13,5,43.245600567541764,4.5443459900577805,0.4680905052436021
2744296,2.8688119742125093,46,6,23.684576605301636,2.626604243603391,2.220216729346161
3341869,3.7921528478989934,59,6,48.557221457493036,2.923242164773199,3.815647008709714
908320,0.8673349191376531,30,18,1.1210658855764652,3.08699883548424,0.9049507272079311
4839040,0.7715843779575371,96,14,2.9414872136233137,0.9932708108265431,9.759590218107428
2017635,1.611964553045659,57,10,5.219412481323961,2.1409495048912417,3.4237358238989835
1236607,1.2179510605093475,50,14,1.8436265371894434,2.7523502724962454,2.8627373164767724
4073960,4.423026049664907,26,13,80.00437374010754,11.256554112221904,0.9238323239110318
3274908,1.4864629431111993,76,3,6.969207369209488,0.486179773290695,6.031984477936257
4270538,4.891393651186091,58,6,102.15509749725616,4.16870660711087,3.793932881373848
1622818,2.0160310629699807,18,8,6.691945601101068,3.666626516489147,0.6040362724769586
2285504,1.3195306205991468,127,12,4.04192163912208,1.3009001696448739,16.199475318269055
3235187,4.053643282141156,19,13,53.20843823732027,11.979192529129035,0.8529766746016898
4614299,3.4641849897539423,81,11,56.57790174877969,3.9869477774126736,6.9102145762119
4670456,2.7418807240391256,15,12,35.01623581589766,8.33219912611368,0.7137872575686713
4108502,2.9991359792193406,31,1,36.88498355130857,0.5947671914781086,1.4734595521646967
3631581,3.736408002225187,99,17,50.53906905002212,6.582935514800327,10.091292858567982
4256238,1.5280463359908443,48,16,11.08718673559947,3.8530670469240187,2.7183157664113766
435523,4.9835026222553385,43,11,10.549942549469087,8.128774080635065,1.979915150207453
3609865,4.886569229660524,108,13,86.712221887012,6.298107840826591,12.245409396929563
4209790,3.426465588561216,92,18,49.357583493430774,6.184179531618529,8.904235023453264
1049458,1.3979410291811531,79,11,2.7348090265493057,1.5419951339966165,6.349408273875926
3782811,3.561027090940811,62,12,48.87650626164229,5.100435145909149,4.24581289614391
2327336,0.8248928404062913,16,6,1.3273783263450198,1.2621705788036974,0.5597120290583688
4170435,0.6379362599261273,54,9,1.8429641818502511,0.5792646821968852,3.282918886176652
2773642,1.6595729983004617,22,16,8.390523455549175,5.726941012098206,0.8453961127584849
1819891,2.5818033053269236,55,4,12.398409394141588,1.5543443603352287,3.167374491006268
3798340,4.407226274337712,117,3,73.9097914488228,1.3750841827616664,14.181571401044556
2429862,3.772260813948386,111,16,34.539999067357286,5.6135654595119595,12.547663557176909
207775,3.8421793453999147,89,12,4.2203118986757024,4.9998694439074125,7.809368817013412
2396488,2.4147200050163393,49,11,14.046546345822087,3.745384256732732,2.5233218443996073
797494,2.056707466461333,67,5,3.4593394296036712,1.198326553983952,4.532586147638284
1211193,2.1696744334307123,91,18,5.697225169888046,4.388264966209304,8.36574898838995
3953334,4.94442303681226,77,19,97.05587417357843,10.694163748717994,6.273831714963267
3019758,0.6804913613561712,19,6,1.4516364879730717,0.9497626695681745,0.6709514526899215
543636,4.401641732551019,9,18,10.144446673069652,26.368625493855582,0.21139578753498578
3048370,3.1040393385757703,14,6,29.325376743947903,5.009892833956936,0.5175407000726355
4242406,2.4737693863531574,87,4,26.385867405012245,1.17259384996565,7.975825539025078
4278764,3.7636594718681144,10,12,60.19242845363549,14.038340456308614,0.629645041273636
3245658,2.6900102364111627,116,19,24.18515101007634,4.875335362093475,13.861686152786268
1786203,4.430404571367473,10,2,35.02418424975285,2.6770585967555345,0.18057955902019618
2286360,4.553158388050663,34,17,47.010936124432966,13.517055502877461,1.3353215144245851
4418249,2.397744170930549,121,11,26.219952592972675,2.360367004854419,15.015200779175759
4436219,1.7457250875577321,114,11,13.17255645276133,1.6808926113241105,13.581445778290629
2544629,3.16557647867013,47,16,25.107684765867372,7.811297942650386,2.3794021572530357
535830,4.605635055275109,109,2,12.243147792361128,0.8532294043646962,11.902527041747382
1342397,1.4479798505254995,40,2,2.2369396327628923,0.43821283681882595,1.6184111003633996
2146233,3.3033496260356725,99,8,22.90699242819021,2.679912768594072,9.952080989316425
728216,3.3420209904163425,8,13,9.00373088319384,15.560581426761217,0.306564818133677
527313,3.7990086008687642,126,10,7.749660759596144,3.4116534037068162,15.666664204031894
3675060,1.0920545830726691,15,8,4.2590944890023,2.275437916746233,0.6079108077701771
3472565,3.7212123410693985,108,4,48.467177230192014,1.4456138122357833,11.739932236583659
1347682,4.5906463429953845,39,15,28.709742207678538,11.123063833524894,1.7895707402628853
1296643,1.3085739899160889,55,1,2.4767678400112927,0.15030066746223297,3.265158492223097
1543584,1.5689449621574494,114,11,2.8009609190229368,1.5134070436547404,13.073777401994128
404540,4.871277923187378,108,7,10.10900780042807,2.8414339945121663,11.836417566224371
2625075,1.314396287192704,11,17,4.4264316815751386,6.80095099984316,0.40581662250598943
4949003,4.344732920163106,101,18,94.49272842870754,7.409317479790679,10.707132416546981
4452987,2.7152503540161566,77,12,33.61338627565095,3.6935806575668684,6.279171760686171
36790,1.6125398348142967,117,9,0.0,1.2631258438274524,13.620573997047702
1701738,4.4183745557263014,125,5,33.697777870500545,2.2776066519688887,15.735437323446252
2918873,2.5038736475119947,26,10,18.121797201479946,5.002456343054064,0.9504052636036124
458345,2.8166780926836057,39,4,3.082018365816181,1.7918801638228352,1.5569453567603075
759074,2.1165501622989455,16,5,3.9226919828270033,2.4512572232331498,0.43013934827554434
3695501,3.1682788314571733,19,10,37.10768676062673,7.046941798070132,0.5996722687923071
1889490,1.2358574266326023,18,11,3.8764401166483715,3.1722550742556996,0.6065994116730488
3897857,2.259866914932923,53,10,19.173062996972234,3.631704916434484,3.288110162836713
4994445,4.862355450508794,126,8,118.56690522472137,3.404151245289234,16.4489043128303
3186083,1.6616004471550738,23,2,9.173515332190116,0.7294411433505151,0.8486961758202232
1464908,3.4553149904358147,8,8,17.79880812116771,9.424765932874744,0.1733633287385747
2263694,1.963355289011127,70,16,8.0416090586735,3.8755719276830543,5.0587880028966685
3329144,3.980629065589703,116,5,52.428108096760575,1.6892033464264107,13.803850020146578
315062,1.088931473232574,126,3,0.4084827945179961,0.056397866087109005,15.737019339826938
4959499,4.864194702853451,124,12,117.98500761327253,5.125657330988105,15.846141829013593
2397312,2.5420529362263764,28,13,15.484144456800337,6.331250177050411,1.1084258501769915
3703976,1.5622270850590878,37,13,9.172108464785603,3.2746786494693576,1.7418739538095802
4418224,0.8307353629850569,20,10,2.897106463749265,1.5290700722209254,0.9510170171289576
4045493,1.2639105728939333,41,4,6.966493209635705,1.1872254741546346,2.3135992306477613
3398532,2.8389827685020794,11,9,26.835685667424368,7.636789621801708,0.7120071596870142
1435541,2.016514293940788,35,2,5.887885980124332,0.7305484346073214,1.2164411048305421
1881403,4.229975146471743,109,19,34.20147176122374,8.084392699085186,12.197802881010354
4858287,2.4389938564781266,102,1,28.844333370082683,0.1622331041190188,10.776738670750575
831052,1.6192142266443346,66,7,1.8608841707574033,1.0131380678508943,4.430623232534026
1817150,3.2771524397181353,126,17,20.685373488181167,5.034269427012685,16.19433889899657
2235300,3.680497475984506,34,3,30.94157326722548,1.7842387113412272,1.303579333859355
1865567,1.2516885855542743,76,3,2.6576652346239134,0.08732319346009909,5.965789723279557
1544837,1.2542864732974295,32,3,1.0185959223388836,0.783468954971656,1.1856717935718877
3511268,0.6650214212009433,10,17,1.7969406770885712,3.786473309044815,0.4710062588338853
3348442,3.813809067795382,104,7,49.91667836312682,2.7422123930489097,11.075131515318395
4936203,3.4871203742981227,75,14,60.16834896864121,5.184953477683392,6.028401255952783
4464051,2.6358389408741623,32,17,30.910198833962895,8.030487976044205,1.395368997145819
4819954,4.298767020361387,27,18,88.56458250585054,14.51385939773317,1.151353648140668
433570,4.1255156882752395,41,13,8.525181283419764,8.430086368968686,1.818314941235518
2383139,3.134094639785385,33,18,23.063698111247458,9.50567531984838,1.2052061535911933
868158,4.407220762309664,12,4,16.86747035038741,4.690194418299333,0.13015675835902293
2124792,1.4262854451654572,106,1,4.180549395414311,-0.12565197235514566,11.236110898267519
62528,1.0036382872897756,68,18,0.2778580699874338,2.1999366428408966,4.708155786763013
1883421,1.7138732518264532,99,1,5.1468489549291165,0.3242352914741803,10.142272519448689
2608260,0.7568908524019169,100,13,1.7023262536056745,0.8619708492331599,10.275334064950924
1427077,2.890262876004644,16,10,11.639608755739177,7.060800478475859,0.46703373895033257
3305887,4.7147256153273265,123,11,73.99685025232465,4.917256546132319,15.415346401075642
3328230,0.6770459330082934,109,9,1.4297420446392601,0.4703409527973856,12.101804656131279
2262728,1.0494946130451206,57,9,2.9601903784400987,1.6882229491121783,3.4370500761433846
2495195,2.534895627275459,13,5,15.72656980575081,3.3662030579090128,0.35054617723996195
4270507,4.702437578875572,90,1,95.68158738759941,0.3519843395151718,8.468524019911046
170775,1.9227024723953772,67,17,0.1416623633433549,4.0519531309282515,4.499354543784901
2677867,2.782556639097766,51,2,20.307231474569615,0.6007058094180873,3.0220800370535557
1573299,0.6870778657267644,18,13,0.7727379683277424,2.1256325573432857,0.4918952825026061
3479401,1.1675444043293999,73,9,5.52642348038143,1.020813755902081,5.637300547982354
3785803,4.939835553314811,54,4,92.56373978971536,2.344670728026565,3.2029661483418654
1354027,4.843034133962205,115,5,32.839462032662944,2.410119007461884,13.454109387510202
4176500,0.5222299142048432,115,11,0.9056434627302034,0.4425410485794699,13.463843450496196
801267,4.783153034404576,80,19,19.182349000925807,10.38001301888059,6.588518796653561
507562,3.376039720169752,92,3,6.897952362457308,1.140351134824891,8.67044438365467
3858693,4.4056323253400995,95,12,75.21517070238818,5.070697998653515,9.496941767724012
4588238,2.546329350352366,105,19,29.116506181772394,4.755470107542417,11.579356180212425
4047776,2.820182128606626,93,19,32.61999822977398,6.011994625759943,8.857184700585302
2014168,2.699809611156141,10,13,14.668081787221956,11.102302999137557,0.16700651838175862
4020912,3.5008891589574693,83,7,48.99560919323301,2.520881832706952,7.181126470595074
4521732,1.128430646403408,99,15,5.816990632341233,1.5805802272688003,10.284964038409568
4895211,0.6348811544270507,37,7,2.3220385072534917,0.846972523873221,1.8175084754815243
2189996,1.8856847371603591,97,8,8.113152183240455,1.7387239964567602,9.67255605812775
1610396,3.6710634323149103,119,5,23.06967999729828,1.8790649628024902,14.493880307264845
3321149,1.4083405345532676,28,14,5.381905487502254,3.7454540399477603,1.0837216499047782
132402,3.530445949962128,35,4,1.7117407065707466,2.226025248538814,1.2778601400384182
1176588,4.864604207482717,127,10,27.55784510636899,4.3973255818170625,16.169487677981948
4642965,0.9225532210523828,97,15,3.7924427699912355,1.492766666603955,9.881174272786634
2506081,3.526709532013068,69,18,31.94193725422084,7.448286139578729,5.003537534778287
2687618,2.4968759868705703,40,13,17.30121955808102,5.204519798519872,1.9113212253462797
4777999,4.406640144698774,92,8,93.74169775337938,3.5941434611550873,8.880116812287774
4667860,1.2971740525132365,42,9,8.197757275292117,1.7715384188780363,2.343006356769772
585278,3.61681678501774,59,16,8.056113266955895,7.409240879279935,3.5733662026811137
1188049,4.271518803416496,41,19,21.40267347747386,12.86426974331337,1.6600896693451848
3090201,4.750763987633104,48,16,70.5857594904882,11.035594770702327,2.596564003037733
4682311,3.5746161273034063,58,7,60.41970503405117,3.387855976465794,3.965269268565806
3572737,2.737286438037923,54,14,27.579323204722673,5.285423130081452,3.1860966311958423
3474442,3.2803125809054623,89,14,37.409154921878915,4.8536447569628445,8.37661636943951
1284732,4.410072430154232,65,4,25.04527862366267,2.1134205494874356,4.538308262926742
3324692,3.0677438598747337,82,15,31.48975633276691,4.954688162737284,7.134133802839415
4203398,0.6367417686357659,64,3,1.7172103527911768,-0.039141669448300886,4.6204312082807375
4729607,4.6892691297814,30,5,103.76814535556342,4.289414587334404,1.3661467886212644
1120389,3.602870379642025,55,1,14.856713909381638,0.047596128372575486,3.1035289521200764
37712,3.5443102359976093,29,3,1.1392467638695725,2.2275747676122184,0.7456421618359679
4081647,1.4705381857897273,24,15,9.323582474516602,4.350299302193535,0.9467114740612717
3922942,3.4649846160469573,76,8,47.20245273450463,3.201448696103559,6.268430845629086
122816,2.272389825443713,115,4,1.0282088957350803,0.8223794233042829,13.334012723303822
1645156,3.4305483966867145,18,2,19.021904574148714,1.601732534296953,0.5880937228377529
145230,0.9796686363859582,101,10,0.5039842231989623,0.8815459317973529,10.064227323339974
1776616,3.460303870713662,22,4,21.504627892278243,2.63522201579638,0.6404114635308834
4473418,4.997361765968,98,3,112.79697755285007,1.6337810404425213,9.848976402198785
1393194,0.7169541748725021,42,2,0.8466719894247285,0.15742287898375018,1.775947659927455
3111360,4.897283828995928,40,17,74.98605889439426,13.065237990988885,1.8625825961360503
1891548,2.3310858232529177,91,13,10.554049648986656,3.0515575919172058,8.479728383386657
4355760,4.418390526517666,23,5,84.83936883937272,4.498798266436298,1.0638689769295528
3261298,4.02073467826223,41,9,53.43623177765944,5.309668492913155,2.0818370843846554
4475150,3.051573174440005,73,6,42.59569946322729,2.4544331140170916,5.828552972588512
10404,3.8230214416309694,106,5,0.029100932521676115,1.9826195069419306,11.15011516447841
4907590,4.4533200258560655,47,10,97.36643912604909,6.57245130849795,2.6192830653381263
1333483,2.3186314474296483,127,8,6.890939708228702,1.739116829949048,16.449070720431234
1732320,1.971649227034574,35,7,7.425546824576941,2.474324063294665,1.4961505435589735
4919764,3.5041702350361312,54,7,60.91959550562721,3.427980231093537,3.4978381839598645
2342517,4.135306738735664,46,6,39.56546784829667,3.6982033490468686,2.342156879375616
4547090,3.930283106494771,77,3,70.58185218240929,1.2514175424478042,6.435757784477424
3206340,4.090161419863855,80,19,53.560358844075004,8.581814039196098,6.655246008634791
173273,2.4601249166581987,27,15,1.5485820727343385,7.099424213721743,0.7002440660203237
3864418,4.180253972787597,8,4,67.37598947735707,5.912547985816311,0.6126592918869854
3662692,1.040940749167738,79,12,3.433912062583703,1.540481810499349,6.654455433803101
1097341,2.950200940823823,126,6,9.48175366969486,1.870323392702493,16.03966214508807
3987266,0.5259139722415471,94,19,0.9002892467354217,0.658751139691897,9.257641283449912
3041756,1.9606362345512163,70,4,11.808069084359593,0.7312208217600851,5.099814158986437
853523,2.1490769069212905,74,15,4.536809530412163,3.356237757162862,5.5927805755073035
556237,2.282777112241649,11,9,2.83088275184872,6.293979734020605,0.14719319901397987
4905207,3.62960243010438,65,5,65.00432635348291,2.1024289015059727,4.7106002083826635
4050479,2.2485114557165558,32,13,20.79622128994122,5.197471892471733,1.4670785842401544
102193,2.519121301801388,54,18,0.32238583077848804,6.0524268772121355,2.8688853160784054
3191915,1.5689485889344736,45,5,7.790074734440891,1.4411418066101847,2.30877362444643
4710254,2.17963306233203,22,16,21.85524824975666,7.543518422075105,1.0896897431434482
1196887,1.5227133226841816,70,19,2.2530530666558515,3.852544152408478,5.061206360232307
3018038,0.8293816569579964,28,14,2.6175977496258147,2.4877519332782043,1.1830655642707744
518153,3.2155186702162006,106,16,5.6446513782554515,5.240640148081204,11.313275276987092
3344817,3.506957593497573,64,15,41.90826095376623,6.815520584564086,4.3213920410027225
3592069,3.2877065570432653,124,4,39.63195174462504,1.1446006746036537,15.7490259636784
2725514,2.585723197102576,60,7,18.442079483769543,2.354102048913849,4.024903931222903
4891713,2.209036010806534,53,16,23.30623233573777,4.510482244263608,3.1048422928334425
2668571,4.385001423073214,123,8,52.386644228192004,3.008370606553344,15.409075746951487
4844357,2.8358680331129813,21,17,38.96292820925925,10.342956337823344,1.0105834237555698
1689748,2.6563184493337895,107,16,12.14500329120665,4.061188938986193,11.641261930774023
2233069,0.6153892961289607,83,10,1.2581354848421198,0.48368225824482824,7.199598734733328
3455498,2.0356152243177035,24,10,15.093429977275072,3.8699577030973424,0.9493796979127831
4902472,2.2108802845363567,46,2,23.912681501728326,0.7917991440967,2.4845812787473154
491680,2.294702514036052,16,9,3.4411038789037307,4.841501695295303,0.2807399060223466
2646694,3.1107756615229953,106,17,26.1604501666121,4.999201746317032,11.416329245154298
2971293,2.901211460270953,84,11,25.365375771607145,3.497581325936671,7.353723116941515
4110673,3.235572917570501,86,10,43.74296006915394,3.4101134673500693,7.8390265649795
1544026,3.9419746769395774,89,17,24.092108122392084,6.933558263845122,8.046926737150999
325826,4.158435824222421,122,4,5.8927215189201005,1.416187598631093,15.033115341780215
3477366,3.731553843019225,104,16,48.683192165304064,5.7219620075677735,11.166544477404798
337359,4.799856631797206,13,15,7.888299153797939,19.731234370412768,0.17289527280761566
3758603,0.5820466220436273,98,5,1.1615314297412755,0.25954908341099986,10.052413137303798
4211253,1.3810009355759574,30,6,8.141914328519178,1.7583981981784471,1.3199592644111184
2870337,0.5340329374016395,66,17,1.7435846050051969,1.0253384756999573,4.566077461883488
327537,3.4136362136957135,98,1,4.425047589403495,0.6176457182370334,9.49887336954148
560222,4.541137470274941,105,19,11.933082712029675,8.298066749153028,11.095307301299208
4985026,1.5956703345933467,127,4,12.900751920757989,0.835447632838982,16.616662120712522
2583619,4.67165545158338,53,17,57.32253298255392,10.845900798655093,3.160010087510522
2463752,0.7712032563030238,45,9,1.61526315717509,1.3806548230743416,2.1236737137185573
1374133,4.704962120624814,21,2,29.935802119221933,2.419738272137693,0.5050867906513646
1942247,2.082302092578355,107,8,8.31025268565966,1.4352852141893389,11.758069295653371
1363038,0.9563937280214743,124,15,0.7401198304100776,1.292790465289108,15.485741617821946
260875,2.6864229163384654,79,7,2.613885663929107,2.0029868114936393,6.308614757911328
4667693,1.6554945547422857,69,6,12.321790900894186,1.6505769532444143,5.203810067534629
4274694,1.7819280588286528,42,1,13.652620108270431,0.605908340638817,2.132802122569479
717689,1.8828048421682895,26,15,3.428318641559878,5.45643189815496,0.814938718382126
4457794,4.113616540246985,37,7,75.30064444983817,4.462713464625256,1.8562388350540615
1625952,2.926225745038645,85,17,14.493077976925985,5.13251652122651,7.35688936810913
1306516,1.9008846462020164,91,2,5.494475822836465,0.5185575003535385,8.372130099821595
2540179,3.2465020248991325,120,9,26.86463352205924,3.056922453062135,14.509324693019714
1566617,3.722678034004371,32,9,21.80112451301906,5.629805109803277,1.3121431644844281
3473351,1.726808003300902,47,13,10.435965007131983,3.3100856683136577,2.833224330962761
1275040,2.3609709568640818,95,6,7.035463290811773,1.8030982377982991,9.113430808559182
1864971,1.048487420016264,21,6,1.9560728740015179,1.9004273277336874,0.6113880622738327
660199,1.3151720729060614,33,3,0.49844638578930245,0.7432099725149124,1.1377462174832995
4044628,3.5650303428424226,109,17,51.978798558147325,5.778236050309703,12.507017261620476
1859396,1.3164725646303213,94,17,3.626335573054373,2.093331289024913,9.034394280202385
2701276,2.8632352265017706,29,12,21.829792803610648,6.3307304354877365,1.0200835289433177
638861,3.690708177750947,55,16,9.960282706216722,7.82420290362564,3.1576425351994137
2536954,0.9809461539263473,90,15,2.36924301963128,1.3193294196801322,8.37346033028995
671614,3.052904988330066,117,13,6.818431992976355,3.7808604647321844,13.493939484545905
4883878,1.654532526656137,58,1,12.848148031941115,0.4087617079299781,3.7600271037391204
4703174,4.8331709385691095,10,17,110.01549112941129,25.73090348853487,0.643477510215844
3367519,2.6759554102396614,49,3,24.710975718796725,1.2932200141943282,2.8410075812353597
676997,4.126966473988212,26,15,12.421264097031788,11.90565589452961,0.6648325068848638
1736351,2.976019439703178,80,4,16.065578839849532,1.5569603082749248,6.506200804642808
1082647,0.6953563978466862,35,4,0.17627648170677612,0.33970403656815645,1.1727552035956053
1641107,3.3491811901731006,91,18,18.079191149589555,6.070154013760882,8.415700852619437
1038455,4.781315039929956,52,17,24.125838887421562,11.358529227499565,2.756989274672432
1315794,3.2072531906584905,78,19,13.544951683436562,6.924580646922467,6.065977944285057
1960367,4.186349867420556,85,11,35.193121288931394,5.251884419110219,7.3584786362311965
1920705,4.4789290850678345,70,3,38.6454968625413,1.8546656994649326,5.079765340901011
1611596,1.5263589737701961,80,8,4.171682220599635,1.346755890606636,6.716790338848028
3801481,1.45420177958702,126,14,8.468671813089255,1.923239431201033,16.31277875387336
4160276,3.249414449829463,26,1,43.73411025687305,0.5446147759782158,1.1689521639559974
2392357,2.349628114130171,54,14,13.399096682550395,4.240892215595185,3.342546142462478
3497124,4.279375862900242,123,2,65.05863302652774,0.7792419189501816,15.451362301820003
2255131,4.55010405529105,21,4,46.884275056487894,4.075160449030871,0.4632130264329952
4256049,2.0903962068622315,127,19,19.92145211095517,3.366383832860729,16.554414336701125
101865,1.5659175153851692,45,6,0.3382826582261183,1.7999692483612948,2.0263741158993307
4054588,4.012364818597378,60,1,66.31019739799576,0.5993395646034291,3.9092703137794054
1082200,1.7366271599666123,68,17,3.450923107645544,3.5564468620863976,4.623812951509577
2130473,4.201764433311553,43,8,37.973463859266865,5.13052510160516,2.117689470545854
2510856,2.4068221414194326,47,19,14.756565640371482,6.5401301533038945,2.5369189992290315
2916158,3.5039745468116172,88,1,35.800365031973264,-0.24640916282062308,8.048481094795422
4078472,0.9299089122560068,37,5,3.2846492449825053,0.8408065181848964,1.9767343735939713
1232869,3.3073669610445786,16,16,14.55434252447298,13.196443259733947,0.2966353828753944
2293869,2.532954554317531,71,6,15.189920964917874,1.7295932852883085,5.309564552234694
3135354,3.1397380842896334,40,8,30.70413852935033,4.021627924296139,1.8323379847706525
4092494,1.2560639348518854,127,13,7.20966073158497,1.330953923333207,16.6043596535735
1439551,3.8159318522488195,59,16,20.5561419953206,8.10490696686313,3.5283166930731795
2291020,4.382586848944529,96,3,44.555392498584354,1.5465278863378564,9.425103710144322
2766944,1.4753291004084903,21,19,5.540817572497209,6.216283371630386,0.6335962601013453
4792883,0.9307154998407278,82,12,4.027141342819969,1.2864565277662474,7.339355903610771
2297623,0.6063736372085138,60,16,0.8960697705814127,1.2570915011625137,3.903513589362285
924032,3.388871751994697,106,11,10.997507274860052,3.7478255842263564,11.436256554606295
3992588,3.2319231623995135,112,10,41.902995363520056,2.398878210423927,12.861466090641454
1577438,2.960138357213315,66,4,14.622282987551259,1.4507184192984675,4.47983077290721
927559,1.5437619325218894,85,12,2.9263717084610166,1.989068913463942,7.108502579425085
645605,2.259076981574816,101,2,2.770514900663499,0.5333027266062349,10.258871405840528
4593897,3.175143508337779,48,19,47.195174485066715,8.560903569698084,2.7324396237996207
825131,2.7354508648662623,75,5,5.937607944043332,1.4751944576494405,5.518322709874638
77661,4.945034840966993,75,8,2.0779084158736296,4.557653741781014,5.619133015753432
2088007,1.113978886505299,99,7,3.776870655875322,1.1504105498721193,9.934710752903891
1317506,3.628150493214172,15,14,16.37681252278591,13.095141937982888,0.39440161381706207
1981206,2.3194344564693146,9,3,10.249377755268487,2.15723932968417,0.43737609693125323
2911614,2.4268982671652664,112,18,17.293763443945352,4.260215997821717,12.742130830214556
2976422,3.729189945461793,117,16,41.80212205260065,5.448952047963252,13.919104876119672
3718654,3.6159626809596634,93,19,49.53792786413185,6.846423995269277,9.050871082551131
128033,4.960651971659847,48,19,3.2130952350812825,13.687125214578014,2.2826456367781645
640265,1.0777743025435635,127,18,1.316004056928906,1.5335255578277671,16.308781819167532
2720309,0.9684934222287485,62,16,2.598839344718181,1.702280096147378,4.184052445590282
2928258,3.759524677079335,23,8,41.37591830975027,5.929753096166578,0.855072608375887
1225502,3.1027411265288407,100,1,12.611582785906343,0.5667012607249102,10.084715011740023
4636038,1.7337229995191263,69,17,14.128967790345934,3.558274547854569,5.373584063157135
1431796,0.8573871604504397,120,12,0.7513736529081857,0.8462886861471057,14.45970756905502
2772779,0.8854621231839375,55,11,1.4992035965062667,1.3629100078778624,3.4624077331777587
2329049,4.523858935988533,37,5,47.733326288830575,3.542209814635403,1.620590870223207
3730464,1.363402961234343,19,12,7.256102537672889,3.722160463467172,0.8743999331954178
2202614,1.9551720295198434,42,17,8.097563672829262,5.0713291691181235,2.013860190484296
780173,1.519953810021446,18,6,2.026843195784429,2.1589849107726202,0.2741753077642852
2679355,2.097483376243718,71,1,13.105679241763424,0.20173149692003617,5.319962251858466
3422504,0.8124072923574202,117,5,2.6628040355066926,0.24823433120798413,14.036943042087078
4863260,2.835769059087217,57,14,38.932768008886725,5.341605174589724,3.707723735144443
477010,0.8042565361649671,92,5,0.5173945640001326,0.20994023167790635,8.42880935659938
1665016,4.101604285200628,28,1,27.443201343186903,0.6330243352088801,0.6931491756301861
1707900,1.5517043685969485,76,18,4.0784379028937385,3.0970205138538445,5.961881096362507
4590497,2.930053615720298,55,16,39.595456799204456,6.572829536827574,3.743480718477411
4231038,4.460355894026562,27,9,84.86564687868083,7.63494151041829,1.102764725029011
933875,3.4289481607123737,108,19,11.786766458437175,5.932394182563209,11.725867207383653
2133221,2.898310039481009,74,5,18.01538383405146,1.801434789149627,5.750708734614078
3890993,1.9595018890191902,51,2,14.667896466704388,0.4658957616207303,3.0346097254832705
4741502,1.9985086087618906,40,15,18.619712824513492,4.9811030323112915,2.135067723344024
2578103,3.5126912983918555,124,7,32.333241818917145,2.2863310551669103,15.587121238305919
91264,4.973627125495254,80,4,2.3427389954717035,2.1393292262411086,6.459123069225986
33275,3.4782763543222037,68,1,0.7397047553096414,0.3372600728837746,4.702285674330765
2703714,3.0100253781651123,16,13,24.45881947213175,9.643920329918782,0.551805550929852
2470072,3.7879272960766075,75,7,35.219844080599486,2.7243004316976442,5.871496742443473
582735,2.5934252552767316,42,15,3.7011078178034698,5.951782200948426,1.725600208185555
2010609,0.7706405417035335,88,14,1.867756672088909,1.0178092600214554,7.901860962182918
922826,3.0303356714505942,105,19,8.983277390706563,5.343556265707099,10.972227622675131
2707143,4.809313780274211,95,18,63.26402263886065,8.792663762410651,9.205564789310584
872522,1.2888632406094684,103,10,1.884845521199963,1.1075703547006208,10.668800970045108
813692,3.6050220086929956,72,9,10.387287044158183,3.8843907002603144,5.398576819271677
1171157,1.4042015989657541,15,8,1.4006095039728985,2.923037888423298,0.4277745441886351
1324532,2.9112245801288656,52,10,11.167356234178731,3.8109336397738036,2.8785495527127405
431240,0.9350440234102383,94,17,0.9674571810305379,1.817625697814555,8.915714933791484
3869744,2.526669213161833,54,2,24.890264487946165,0.5078697468171345,3.3894988950343943
954789,3.9027349800286073,47,6,15.131723147672806,3.1880227643513974,2.340926872784649
3117092,2.0640718590754195,83,5,13.77826571528012,1.3092293552998904,7.193210238087278
2223573,3.492102760192481,61,9,26.901121783060535,3.9236382404080854,3.842632314154404
535893,4.079524823553781,83,5,9.232181691150819,2.1895530375210264,7.15709294207687
2265363,4.672300187657537,53,18,50.15052609610699,11.746125810233508,3.082671549082773
4391514,1.555889368349541,54,9,10.532199960754959,1.8504895325751844,3.336764470018338
4158887,2.2969216211418866,22,17,22.088008456215857,8.402824657727074,0.8999595627680522
1217094,1.1858720599868784,112,17,1.7008086479601785,1.7861012837919585,12.526444524221676
2231192,4.966175759712688,26,12,55.79967906935218,12.128472270594532,1.0190528780928252
678406,4.671504355659329,33,7,14.330149046339121,5.849835010068238,1.2592182301620816
3678866,2.9298070862625183,59,3,31.549977764882456,1.2420706297610598,3.8032562967477377
4622338,4.2891498246938955,100,10,86.23063594307867,4.362224009136958,10.370518250862895
2863406,2.8443108977241898,29,2,23.58284278203747,1.2681066827651843,1.1471537651135875
1043255,3.306135596012419,111,3,12.010334662963581,0.9274628249533828,12.311897454685376
4999847,0.9010599445220748,28,16,4.010383695266373,2.829157103240788,1.2711820132016762
3062766,3.898716892235636,58,2,47.18073129663861,0.9454169034592925,3.637617517254917
550677,1.0747106763585568,45,10,1.100955587323218,1.6464545890156148,2.0388955418844406
3104235,4.217304336136378,27,6,55.84222533480587,4.731976443855722,0.966728604098265
1181459,4.019126394516737,36,11,17.815616752296542,7.257604680231862,1.5450175678922282
2869653,3.689351139843394,58,7,38.2382778587116,3.2006647361326688,3.694872155589017
1976197,0.6627217123614295,11,15,0.0,2.895131995922635,0.43270602156107457
397952,1.8640776017539786,62,6,2.5204834740722077,1.4784778660992015,3.791148498175888
2219373,1.684006564598793,78,9,5.9460594504780975,1.7450673564657364,6.33403363211651
4157703,2.120613833621836,99,12,19.837308144003607,2.7517174837295437,10.22518094878885
1040117,0.8943923604372734,35,19,0.697628900880741,3.4753604753773644,1.3916711799995896
2906818,4.716310203639782,11,3,64.37584791427194,4.221138508117475,0.32393632599968997
2367821,2.9921100832056933,29,15,20.08444136416567,8.396843604699185,1.2560275216557313
535134,1.874859397961106,83,2,1.2215830547430921,0.42263762797963783,6.87182292208624
254761,2.2864168268342753,52,2,1.7116595030626511,0.5996718999039059,2.59347063455824
2940098,2.5124114322717603,74,3,18.254186128440256,0.710125583266866,5.904441620798721
2981820,3.202674500122778,93,6,31.52997571470761,1.9303416729207996,9.069962343345136
74323,2.8205574246342398,115,15,0.8305520946456092,3.8799424888939806,13.238144084055117
1247715,4.637263879464878,73,10,27.31306612803222,5.3164178844644825,5.455958074218222
964480,2.736335673076236,95,9,7.876088888347656,2.5525869759943296,9.125726290212432
2342811,4.964711066704907,41,1,58.19718277304093,0.9086988161490215,1.9090195181387077
864016,4.331412309852931,98,16,16.398906620572998,7.038460126779179,9.53100522701767
874909,1.4382973146080111,62,6,1.7945369536872744,0.60167166805265,3.76391172165635
4992564,4.687678465897623,112,9,109.3210729482579,4.19596617073993,13.044654581596934
1060493,1.0236487904846423,8,4,0.48880952917722775,1.5458712112992672,0.2689147479366518
292762,4.178523688210362,79,2,5.696188297501619,0.9024992633691354,6.293524861841937
1615118,2.2128048206446103,94,4,8.567585563765386,0.8190843948021607,9.000498492325782
2893427,4.450884442002813,45,1,57.39165941693525,0.34081550762380347,2.4059995180644305
1426012,4.406255105483527,13,19,28.773960091736033,23.044671506238,0.4078692234886299
581650,4.126664300529296,93,10,9.868909115752212,4.305709103032811,8.857966227378979
4486576,4.055136963381776,32,15,73.64890987429649,10.749868387549668,1.2925073003491923
395925,1.8710561259411835,89,19,1.222396265871792,3.387045036653937,8.003510311987501
2873793,0.8641367737306348,24,16,2.5841123017588936,2.7779319075057565,0.8919679967256793
4919047,2.3134108044432264,68,4,26.320944561959763,1.2702781440177748,5.12885089351252
3767974,1.280860317439289,19,2,5.213454692162862,0.7756951830405944,0.6988431205416847
413081,3.627279900061078,13,13,4.84823749552281,12.99055687566131,0.020101135145356025
2409105,2.057448769420035,97,1,9.772699262075626,0.2374921938220294,9.672581668634058
388892,4.890245903869617,34,17,9.621347456441093,14.258036283266703,1.125602687652799
4209591,3.384374348053994,15,13,48.24144811758629,11.272500599642497,0.48338094019248157
3164240,4.201162536354625,90,4,55.84039477909975,1.9492739042938791,8.575253415205493
666702,1.096361027338318,113,7,1.2516071239245423,1.0306983405882275,12.844209061013498
3264600,4.379065170226801,72,17,63.79084166293178,9.184219939920434,5.337113050196382
1995296,4.652407357310275,64,9,43.597371578740685,5.251244314791568,4.25311921844159
2200222,2.6917786346852117,100,4,16.457623051701766,1.0849364676024602,10.146477307960797
3759783,3.2281382198793986,116,19,39.54329528940541,5.935695990890004,13.850232109688267
2729269,3.9416441040634793,120,1,43.190021446198585,0.30441061151964977,14.718133301015161
4812116,1.2867738226718566,106,10,7.500629253112194,1.149881122128629,11.706944739143408
2334797,2.761547344085491,47,4,17.297522275696664,1.4452089756857993,2.4737908768573895
796667,2.293983624975409,21,9,4.306338862807527,4.666567486833972,0.4606155981814836
1363649,1.158682964730121,42,13,1.909527597999496,2.189879136847493,1.9709777549109326
1722503,2.1539049003118915,55,14,8.706456880938342,4.162719650588266,3.303369727627658
2995418,0.8067753922347211,116,10,2.0605131153930545,0.9101909134687861,13.763083574261247
3619736,0.6161535812726915,91,6,0.918421469549593,0.43688695154376245,8.54344393062095
1394418,1.1082483011967024,63,16,2.9536282425009324,2.167200955579242,4.172945585544899
396594,4.834018002151282,56,6,9.532599927873058,3.6291142792387237,2.9858070969935433
2879760,2.9728829115275763,20,17,25.887077988173974,11.610734260203573,0.6144956292789642
3816503,4.84619972518949,68,10,89.13525578322088,5.811847850514365,4.911938595476126
3847247,2.446240452485594,109,18,22.96556371594769,4.339606869596629,12.260678395259715
1102501,1.903172598883668,56,18,3.6869552082710486,4.695498608414348,3.312937334507579
147023,2.7776383827810984,53,3,1.113308965458075,1.1721972282966207,2.8757524883076977
1145964,2.4778025988480956,120,15,7.547540408959292,3.400993758478172,14.65785501182253
4736599,0.9754910791778476,69,15,4.867415645646492,1.6713940828661955,5.19019299323011
1493624,3.383718416105928,15,4,16.87343574757777,3.621113542467855,0.3120876439998093
2165748,1.4721718212931982,50,9,4.5558627508891405,2.0853732978578696,2.735737996206739
1966109,3.288145797040233,27,19,21.947325618062507,12.182887094691266,0.8079437170929935
3055179,3.42590491579169,104,17,36.16502729690557,5.908929275199471,10.9993002934849
3935282,1.1841118390789165,97,11,5.843555191352342,1.3146644616481555,9.627049325787763
883172,0.7760733219980067,46,9,0.6283545133034975,0.8623383152098326,2.0875520217883574
3695540,4.013427137307979,92,10,59.901076080176395,3.79811645163208,8.766124970741513
532244,2.569101906961941,124,18,5.108917643804159,4.282863394118554,15.341081909383263
4883594,0.761737079774641,56,13,3.579713329294196,1.1248794745281145,3.568989884686453
4073309,4.9768984272639525,71,8,100.67363449636598,4.77640939026976,5.585193862209713
1072636,0.7600125244836499,69,7,0.17321272168000756,0.2283746853290149,4.9773602674519415
1796921,3.6276585298634894,113,17,24.835837849308604,5.402427846818041,12.994697534144645
839735,4.926555163685361,114,15,21.057542619987164,6.7637174384458065,12.940537933333077
3346007,1.5763104689716654,61,15,8.907536712710453,3.06320222008182,4.081043345742672
3840375,1.1401221590923827,112,1,4.8089300444427145,-0.05265042313311784,12.682540145872606
4539788,1.04623222740093,16,14,4.873386151530253,3.9495780717940994,0.6209533579951346
2572469,1.86473816405418,95,5,8.361556545435938,1.0437234076047024,9.344254899844634
3096176,0.9547061495479101,44,11,2.5722065316982596,1.5134481486077458,2.272007911721876
3305374,3.6147260376235937,56,16,43.31507420015004,7.928635227058465,3.710261657592422
4893680,0.7803130915852821,48,2,2.1627788277557474,0.47120801285107194,2.8038939701023335
3691262,2.792399576674054,24,8,29.54451650899359,4.704840316129926,0.9512418459935712
4643078,4.985135842338396,95,11,116.24252079840359,5.547274447850324,9.411877657789516
2619089,4.162866212777084,28,18,45.91117705451612,13.991874119123972,1.1101461591641568
2518749,3.268487472039549,58,3,27.113067713264375,0.8216319621761008,3.558436654953706
924228,1.8781412935397526,66,1,3.55161187333499,0.1499830793099623,4.193749588823781
963959,3.3075312633123732,46,11,11.359104559448427,5.398232684823121,2.2567698291269807
2199415,2.8716865876024324,62,16,18.080666727100187,5.9415709189133725,4.24742351445867
1637781,2.4173752275066716,48,18,9.321003246693788,6.613927613571308,2.507634506589201
3379538,1.0881966953308977,46,16,3.61889510780505,3.0096117185723164,2.493117823988893
3252374,4.4897189685821,20,10,65.98901115492096,9.985446392674465,0.6456047354670483
355266,2.524030919695951,71,18,2.528217322041862,5.708145225073438,5.0455606187814315
3966679,1.3758013031934428,18,6,7.520234741510341,2.2369425565026626,0.690635215419576
1548601,2.154917078947803,117,19,7.700351769393518,3.9606910353958455,13.824182005112302
2587855,2.3635838863801717,26,4,14.673898434201709,1.9863683030233066,0.8946939806455874
3081475,4.223920530050934,18,13,55.46336367547824,12.83324179994131,0.5646387421039509
4547358,3.8012647125263093,84,14,65.26475086367499,5.70583529179191,7.429185529812978
4013484,3.961872021386029,53,3,63.00721255532989,1.7550134518332503,3.0377809746624895
1117955,0.5496406899289125,52,10,0.0,0.6123986530620886,2.861918549358666
3812010,2.372692991808927,8,6,21.624380105406143,4.880229445963483,0.5621418232156461
1942728,2.6660486823589564,47,1,13.60475166021834,0.4813739656106875,2.366994167246583
1909492,0.5863652457037551,115,14,0.2909733896800283,0.6444904177823226,13.489349238481356
2371632,1.6691594393526539,26,8,6.832298586685157,2.812413318157393,0.9492618082537082
1424397,3.9213042040496076,83,19,21.42420440296601,8.60084499574913,7.068956601405847
3187993,1.1169936757804957,79,14,4.324557034943462,1.684034962144818,6.671117129330072
3141209,2.9088955915366626,79,10,26.26413412089724,3.394729050627647,6.347157571775297
1233520,1.4684084240775688,68,17,3.0999005984074435,2.811291434681408,4.775051452042712
4067893,0.5545434858975198,124,9,1.9992858886398444,0.6127387511223087,15.905227467011755
3227635,1.5854065591979367,116,6,8.857637006351844,0.7783512728931554,13.838596517380786
2310119,4.891431897095242,19,11,54.50373083374533,12.20649853826092,0.7312773888284051
1909443,4.106917003473454,68,7,32.2935826578828,3.112657511100073,5.0163141917331355
3458503,4.818094899444651,119,17,81.14200009083285,7.661354243923502,14.40880334650781
1449758,2.695343197668631,40,1,10.782252595599912,0.4776861732015547,1.6628273143376326
1815468,0.9938128940487658,52,5,1.7603409386182711,0.38899171661841303,2.8508758467124
3437975,2.9658177003816184,97,9,31.01619212816271,2.5608288139126794,9.943527283642656
136108,2.544698005519824,110,18,0.44503673678142996,4.315258758584728,12.047967803638587
3170110,4.299606872328272,99,2,58.940387236127116,1.1385484559158445,10.019565450353591
3240019,0.9413716135291006,76,11,2.718250682410386,1.3187111781394418,6.109317777991765
1717692,2.697085116598002,15,6,12.623595917588329,3.985251028035269,0.3896108528397503
2090154,1.1752189911229292,32,8,3.490990854126599,1.3401064393882762,1.1632844849300972
2254702,1.9610416710052698,98,4,7.955683656904259,0.8997756329643053,9.952017254531448
3387778,3.8181068482450984,53,18,49.49927876349157,9.23912757514031,3.0501531548545464
2540034,2.642081582159449,94,11,17.831875925456465,2.937434576928829,9.181186577851337
4542131,2.191497283155962,37,5,21.561459804487257,1.8884153378035815,1.7926660970752133
2702755,2.275143253565159,116,15,13.883246207900685,3.1025510063719564,13.759929338187098
398349,2.56751045782694,54,18,3.223872666554602,6.238695893503933,2.835441086920223
1072729,4.0325744472667555,94,2,18.32347010057692,0.6522227157758254,8.969355216767754
3134071,4.514381100231055,56,11,64.11271743656661,6.604141027756263,3.4007094699811997
3396501,4.799006089267677,54,13,78.79349925384676,7.7733936166023545,3.3692971508367036
1989079,4.041065238148828,91,4,32.39395736302795,1.7760663472923155,8.515410461793493
4598334,1.9193310308660574,89,7,17.74849727711048,1.4636906037315234,8.297922481936595
3532905,3.5966061773894396,25,11,44.98879877192805,7.842772959282172,0.7824729571116987
86077,2.4692140582492637,73,4,0.3912227971170572,1.0974724601351868,5.268616102197107
4337819,1.6460177992072302,75,15,11.898614761263074,2.8037656562057878,6.026013245867121
1265564,4.283922107416652,101,1,22.446316953266074,0.16732514554712224,10.391822073185487
1918327,0.6729185703304625,40,3,1.29800056483444,-0.04856203928552927,1.710360881876587
135885,4.557928964609406,43,14,3.55634597360028,9.587479348246019,1.8514394212874887
551656,2.5766485908113035,89,6,4.613333646724229,1.5664297639801352,7.925693658981288
680688,3.3674066456372618,108,18,8.005573810180017,6.203201559568789,11.776688983628949
2295166,3.4670926499260224,26,1,27.689359326285082,0.5750808195331797,0.9593982928181123
4434507,4.5280298331794135,118,6,91.78569464424665,2.286397898211715,14.436113519194615
2061531,3.365013569752433,35,6,23.386166957635716,3.4177063697602765,1.342724199701168
2802427,3.262701131420278,47,16,29.787404169300853,7.408593511672071,2.38142088298837
2930803,0.7999341825231048,91,5,2.137244416625077,0.34825612386863536,8.444116533013759
3367679,2.8328360987534182,120,17,28.455657143883105,4.171292318976321,14.845978196101933
4400020,1.1757605036766874,104,10,5.467691072653367,1.244228496179542,11.230945963138131
2691719,3.8184519592466852,83,18,39.251014888042185,7.583680429785263,7.164397885632933
900695,2.804998643657035,122,7,7.023361166597849,1.6061207378047957,14.81667807880056
4204430,3.56102500643759,22,3,53.54737733050764,2.0268782815782074,0.9048404956517181
848761,0.6875280527107293,48,13,0.731745269479025,1.3316806518656767,2.3165629701982744
510315,0.8815640722061144,46,15,0.8930521157250482,1.8680986736089469,2.033615424099501
2424472,3.7234552462820703,9,19,33.506715595006945,23.699242702050057,0.25600576855898727
1309445,0.8243795119940301,70,3,1.3869986639800729,0.14153138026178702,4.9675231806314475
4945730,0.8206552749436637,36,4,2.8377299908281532,0.683845424010715,1.7852487429910797
508716,0.5544881385569935,112,5,0.0,0.18272895289323104,12.287756501210099
3151069,4.80425629234766,81,1,73.50767174662467,0.49965692680563417,6.63548308489901
3331127,3.818787617565531,73,4,48.129118403603734,1.7035023221214718,5.530695624089516
2569272,2.089631338259289,58,12,11.737951388092284,3.376299021422817,3.6568807943517867
2286106,1.8344101157944486,82,10,6.542133099413621,1.9206754025017903,6.882848954939094
2012324,2.073664533856323,84,13,8.351624034336512,2.858284491396899,7.144608579291394
4337021,3.985940890315318,17,14,69.0821673794081,13.687567583534598,0.7907404738423671
3334323,3.476167749816865,21,5,40.29564352333511,4.192657901623867,0.888429811450051
3961416,1.3333800554036057,89,4,7.111302626560172,0.4688975707479307,8.450944316278191
504592,1.2834920090033797,58,14,1.4108733856684383,2.0773451615218517,3.5230413319228746
3255886,0.9427804237102879,125,10,2.9356059818109816,0.6710661399902316,15.752668014075933
3864261,3.4713622386560217,80,17,46.71067080476557,6.59542613209262,6.945158865411022
3588226,3.9396769799978117,46,10,56.353894091046094,5.692159461217742,2.5137568394219736
2039454,1.692708927462518,35,7,6.31664265666651,2.0200316904900903,1.3702299840968797
2437540,0.5942523246391076,10,16,0.6022389948214537,3.083799975226394,0.3850520565525047
1725630,0.869772503643923,91,1,1.2382183465648309,-0.4326535083139095,8.324510727270871
328408,4.855370156802637,77,17,8.427501557517415,8.980285694429396,6.0802589016367214
478276,1.829501498648391,34,9,2.1820076750658655,2.8320315431953285,1.2636207034228606
2164697,3.9615041652716014,124,6,34.72791923997202,2.111146830578556,15.455080788241142
521411,3.310986059844187,9,19,6.2313705491598075,21.251024381289913,0.0122820475757658
2932808,2.2187283784380316,100,13,13.955042391681028,2.8569875110179725,10.230658340436355
3127172,1.425592679879998,45,3,6.492323255665513,0.8791432360596318,2.1131501561727504
894377,1.046238881717329,10,7,1.7807975578521638,2.2346148016225955,0.2406155978650494
4245042,3.2675583561749,23,9,45.70946535135464,6.279065375155528,0.9596950104029998
